Game Turn, Player, Num Cities, Population, Techs, Civics, Land Units, corps, Armies, Naval Units, TILES: Owned, Improved, BALANCE: Gold, Faith, YIELDS: Science, Culture, Gold, Faith, Production, Food
180, CIVILIZATION_MAPUCHE, 4, 28, 30, 19, 0, 0, 0, 0, 55, 10, 0, 315, 42, 29, 11, 14, 56, 77
180, CIVILIZATION_SCOTLAND, 8, 32, 26, 18, 7, 0, 0, 0, 100, 18, 84, 134, 50, 40, 21, 38, 82, 80
180, CIVILIZATION_GRAN_COLOMBIA, 8, 54, 27, 19, 7, 0, 0, 3, 113, 30, 0, 181, 67, 40, 68, 45, 120, 148
180, CIVILIZATION_GREECE, 4, 18, 27, 17, 2, 0, 0, 0, 62, 5, 72, 314, 51, 24, 46, 10, 51, 45
180, CIVILIZATION_AMERICA, 7, 29, 25, 18, 2, 0, 0, 3, 89, 22, 149, 124, 51, 39, 28, 15, 88, 85
180, CIVILIZATION_CANADA, 5, 24, 25, 14, 5, 0, 0, 26, 74, 17, 160, 211, 55, 30, 47, 51, 88, 56
180, CIVILIZATION_KONGO, 2, 16, 28, 13, 4, 0, 0, 1, 29, 3, 17, 94, 43, 6, 20, 8, 39, 39
180, CIVILIZATION_INDONESIA, 4, 24, 21, 15, 1, 0, 0, 9, 56, 6, 5, 251, 30, 32, 33, 18, 48, 71
180, CIVILIZATION_CARDIFF, 1, 10, 27, 17, 0, 0, 0, 0, 10, 3, 53, 16, 5, 4, 7, 0, 5, 25
180, CIVILIZATION_KANDY, 1, 9, 27, 17, 5, 0, 0, 2, 12, 2, 34, 0, 5, 5, 10, 0, 2, 24
180, CIVILIZATION_LISBON, 1, 11, 27, 16, 1, 0, 0, 0, 13, 6, 246, 0, 6, 5, 18, 0, 3, 33
180, CIVILIZATION_RAPA_NUI, 1, 9, 27, 16, 4, 0, 0, 0, 13, 7, 355, 4, 5, 5, 16, 0, 2, 22
180, CIVILIZATION_ARMAGH, 1, 8, 27, 17, 0, 0, 0, 0, 12, 1, 198, 627, 5, 5, 12, 5, 6, 22
180, CIVILIZATION_HATTUSA, 1, 5, 27, 16, 1, 0, 0, 0, 11, 8, 9, 0, 4, 4, 4, 0, 5, 13
180, CIVILIZATION_SINGAPORE, 1, 10, 27, 16, 6, 0, 0, 0, 11, 10, 0, 241, 7, 4, 9, 1, 7, 25
180, CIVILIZATION_BABYLON, 1, 10, 27, 16, 2, 0, 0, 0, 12, 6, 61, 0, 5, 3, 5, 0, 2, 30
180, CIVILIZATION_LA_VENTA, 1, 7, 27, 17, 2, 0, 0, 0, 12, 5, 40, 1625, 5, 4, 4, 45, 3, 17
180, CIVILIZATION_JERUSALEM, 1, 9, 27, 17, 2, 0, 0, 0, 12, 8, 11, 8595, 8, 6, 9, 120, 11, 27
180, CIVILIZATION_FREE_CITIES, 2, 6, 5, 8, 3, 0, 0, 0, 14, 4, 0, 0, 2, 1, 2, 0, 6, 18
180, CIVILIZATION_MAYA, 9, 78, 37, 23, 11, 0, 0, 0, 151, 42, 868, 1356, 175, 80, 128, 90, 198, 234
180, CIVILIZATION_EGYPT, 10, 60, 31, 22, 11, 0, 0, 1, 160, 39, 851, 123, 123, 77, 185, 38, 158, 185
181, CIVILIZATION_MAPUCHE, 4, 28, 30, 19, 0, 0, 0, 0, 55, 10, 0, 329, 42, 29, 11, 9, 56, 77
181, CIVILIZATION_SCOTLAND, 8, 32, 26, 18, 7, 0, 0, 0, 100, 18, 74, 175, 50, 40, 21, 41, 84, 78
181, CIVILIZATION_GRAN_COLOMBIA, 8, 54, 27, 20, 7, 0, 0, 3, 113, 30, 0, 237, 66, 46, 51, 54, 128, 148
181, CIVILIZATION_GREECE, 4, 18, 27, 17, 2, 0, 0, 0, 62, 6, 84, 324, 53, 20, 47, 6, 51, 46
181, CIVILIZATION_AMERICA, 7, 29, 25, 18, 2, 0, 0, 3, 89, 22, 148, 140, 51, 32, 28, 11, 88, 85
181, CIVILIZATION_CANADA, 5, 24, 25, 14, 5, 0, 0, 26, 74, 17, 166, 263, 55, 30, 47, 51, 88, 56
181, CIVILIZATION_KONGO, 2, 16, 28, 13, 3, 0, 0, 1, 29, 3, 19, 103, 37, 6, 20, 4, 39, 39
181, CIVILIZATION_INDONESIA, 4, 24, 22, 15, 1, 0, 0, 9, 56, 6, 6, 270, 41, 32, 33, 18, 48, 71
181, CIVILIZATION_CARDIFF, 1, 10, 27, 17, 0, 0, 0, 0, 10, 3, 59, 16, 5, 4, 7, 0, 5, 25
181, CIVILIZATION_KANDY, 1, 9, 27, 17, 5, 0, 0, 2, 12, 2, 26, 0, 5, 5, 10, 0, 2, 24
181, CIVILIZATION_LISBON, 1, 11, 27, 16, 1, 0, 0, 0, 13, 6, 262, 0, 6, 5, 18, 0, 3, 33
181, CIVILIZATION_RAPA_NUI, 1, 9, 27, 16, 4, 0, 0, 0, 13, 7, 359, 4, 5, 5, 16, 0, 2, 22
181, CIVILIZATION_ARMAGH, 1, 8, 27, 17, 0, 0, 0, 0, 12, 1, 209, 633, 5, 5, 12, 5, 6, 22
181, CIVILIZATION_HATTUSA, 1, 5, 27, 16, 1, 0, 0, 0, 11, 8, 15, 0, 4, 4, 9, 0, 7, 12
181, CIVILIZATION_SINGAPORE, 1, 10, 27, 16, 6, 0, 0, 0, 11, 10, 0, 242, 7, 4, 9, 1, 7, 25
181, CIVILIZATION_BABYLON, 1, 10, 27, 16, 2, 0, 0, 0, 12, 6, 60, 0, 5, 3, 5, 0, 2, 30
181, CIVILIZATION_LA_VENTA, 1, 7, 27, 17, 2, 0, 0, 0, 12, 5, 44, 1672, 6, 4, 10, 46, 3, 17
181, CIVILIZATION_JERUSALEM, 1, 9, 27, 17, 2, 0, 0, 0, 12, 8, 10, 8715, 7, 5, 6, 120, 10, 25
181, CIVILIZATION_FREE_CITIES, 2, 6, 6, 9, 3, 0, 0, 0, 14, 4, 0, 0, 2, 1, 2, 0, 6, 18
181, CIVILIZATION_MAYA, 9, 79, 37, 24, 11, 0, 0, 0, 151, 42, 936, 606, 178, 65, 132, 90, 198, 234
181, CIVILIZATION_EGYPT, 10, 60, 31, 22, 11, 0, 0, 1, 160, 39, 266, 161, 125, 79, 207, 38, 167, 185
182, CIVILIZATION_MAPUCHE, 4, 28, 30, 20, 0, 0, 0, 0, 55, 10, 0, 338, 42, 29, 11, 9, 52, 77
182, CIVILIZATION_SCOTLAND, 8, 32, 26, 18, 7, 0, 0, 0, 101, 18, 64, 214, 50, 40, 21, 43, 83, 80
182, CIVILIZATION_GRAN_COLOMBIA, 8, 54, 27, 20, 7, 0, 0, 3, 113, 30, 0, 287, 60, 41, 45, 49, 117, 148
182, CIVILIZATION_GREECE, 4, 18, 27, 17, 2, 0, 0, 0, 62, 7, 97, 326, 53, 20, 47, 2, 51, 46
182, CIVILIZATION_AMERICA, 7, 29, 26, 18, 2, 0, 0, 3, 89, 22, 147, 152, 51, 32, 28, 11, 88, 85
182, CIVILIZATION_CANADA, 5, 24, 26, 15, 5, 0, 0, 26, 74, 16, 168, 318, 71, 30, 46, 59, 89, 53
182, CIVILIZATION_KONGO, 2, 16, 28, 13, 3, 0, 0, 1, 29, 3, 22, 107, 37, 6, 20, 4, 39, 39
182, CIVILIZATION_INDONESIA, 4, 24, 22, 15, 1, 0, 0, 9, 56, 6, 7, 288, 41, 32, 33, 18, 48, 71
182, CIVILIZATION_CARDIFF, 1, 10, 27, 17, 0, 0, 0, 0, 10, 3, 65, 16, 5, 4, 7, 0, 5, 25
182, CIVILIZATION_KANDY, 1, 9, 27, 17, 5, 0, 0, 2, 12, 2, 19, 0, 5, 5, 10, 0, 2, 24
182, CIVILIZATION_LISBON, 1, 11, 27, 16, 1, 0, 0, 0, 13, 6, 278, 0, 6, 5, 18, 0, 3, 33
182, CIVILIZATION_RAPA_NUI, 1, 9, 27, 16, 4, 0, 0, 0, 13, 7, 362, 5, 5, 5, 16, 0, 2, 22
182, CIVILIZATION_ARMAGH, 1, 8, 27, 17, 0, 0, 0, 0, 12, 1, 219, 638, 5, 5, 12, 5, 6, 22
182, CIVILIZATION_HATTUSA, 1, 5, 27, 16, 1, 0, 0, 0, 11, 8, 21, 0, 4, 4, 9, 0, 7, 12
182, CIVILIZATION_SINGAPORE, 1, 10, 27, 16, 6, 0, 0, 0, 11, 10, 0, 244, 7, 4, 9, 1, 7, 25
182, CIVILIZATION_BABYLON, 1, 10, 27, 16, 2, 0, 0, 0, 12, 6, 59, 0, 5, 3, 5, 0, 2, 30
182, CIVILIZATION_LA_VENTA, 1, 7, 27, 17, 2, 0, 0, 0, 12, 5, 48, 1718, 6, 4, 10, 46, 3, 17
182, CIVILIZATION_JERUSALEM, 1, 9, 27, 17, 2, 0, 0, 0, 12, 8, 12, 8837, 8, 6, 9, 121, 11, 25
182, CIVILIZATION_FREE_CITIES, 2, 6, 7, 10, 3, 0, 0, 0, 14, 4, 0, 0, 1, 1, 2, 0, 4, 18
182, CIVILIZATION_MAYA, 9, 81, 37, 24, 11, 0, 0, 0, 152, 40, 638, 692, 179, 65, 128, 85, 196, 231
182, CIVILIZATION_EGYPT, 10, 60, 31, 22, 11, 0, 0, 1, 161, 39, 463, 199, 125, 79, 250, 38, 167, 185
183, CIVILIZATION_MAPUCHE, 4, 28, 30, 20, 0, 0, 0, 0, 55, 10, 0, 349, 47, 32, 12, 10, 58, 77
183, CIVILIZATION_SCOTLAND, 8, 33, 27, 18, 6, 0, 0, 0, 101, 18, 59, 260, 50, 40, 22, 45, 85, 82
183, CIVILIZATION_GRAN_COLOMBIA, 8, 54, 27, 20, 6, 0, 0, 3, 114, 30, 0, 337, 62, 43, 46, 50, 121, 148
183, CIVILIZATION_GREECE, 4, 18, 27, 17, 2, 0, 0, 0, 62, 8, 148, 329, 55, 21, 47, 2, 49, 48
183, CIVILIZATION_AMERICA, 7, 29, 27, 18, 2, 0, 0, 3, 89, 22, 145, 163, 51, 32, 28, 11, 88, 85
183, CIVILIZATION_CANADA, 5, 24, 26, 15, 5, 0, 0, 10, 74, 16, 108, 88, 71, 36, 46, 59, 89, 53
183, CIVILIZATION_KONGO, 2, 16, 28, 13, 2, 0, 0, 1, 29, 3, 22, 111, 37, 6, 20, 4, 39, 39
183, CIVILIZATION_INDONESIA, 4, 24, 23, 15, 1, 0, 0, 9, 57, 5, 4, 307, 41, 32, 30, 18, 49, 72
183, CIVILIZATION_CARDIFF, 1, 10, 27, 17, 0, 0, 0, 0, 10, 3, 71, 16, 5, 4, 7, 0, 5, 25
183, CIVILIZATION_KANDY, 1, 9, 27, 17, 5, 0, 0, 2, 12, 2, 11, 0, 5, 5, 10, 0, 2, 24
183, CIVILIZATION_LISBON, 1, 11, 27, 16, 1, 0, 0, 0, 13, 6, 294, 0, 6, 5, 18, 0, 3, 33
183, CIVILIZATION_RAPA_NUI, 1, 9, 27, 16, 4, 0, 0, 0, 13, 7, 366, 6, 5, 5, 16, 0, 2, 22
183, CIVILIZATION_ARMAGH, 1, 8, 27, 17, 0, 0, 0, 0, 12, 1, 230, 643, 5, 5, 12, 5, 6, 22
183, CIVILIZATION_HATTUSA, 1, 5, 28, 16, 1, 0, 0, 0, 11, 8, 27, 0, 4, 4, 9, 0, 7, 12
183, CIVILIZATION_SINGAPORE, 1, 10, 28, 16, 6, 0, 0, 0, 11, 10, 0, 246, 7, 4, 9, 1, 7, 25
183, CIVILIZATION_BABYLON, 1, 10, 27, 16, 2, 0, 0, 0, 12, 6, 57, 0, 5, 3, 5, 0, 2, 30
183, CIVILIZATION_LA_VENTA, 1, 7, 27, 17, 2, 0, 0, 0, 12, 5, 52, 1765, 6, 4, 10, 46, 3, 17
183, CIVILIZATION_JERUSALEM, 1, 9, 27, 17, 2, 0, 0, 0, 12, 8, 14, 8958, 8, 6, 9, 121, 11, 25
183, CIVILIZATION_FREE_CITIES, 2, 6, 8, 11, 3, 0, 0, 0, 14, 4, 0, 0, 1, 1, 1, 0, 3, 18
183, CIVILIZATION_MAYA, 9, 82, 37, 25, 11, 0, 0, 0, 152, 41, 695, 778, 182, 65, 130, 86, 207, 234
183, CIVILIZATION_EGYPT, 10, 60, 31, 22, 11, 0, 0, 1, 161, 39, 659, 237, 125, 79, 264, 38, 165, 184
184, CIVILIZATION_MAPUCHE, 4, 28, 30, 20, 0, 0, 0, 0, 55, 9, 1, 359, 47, 32, 12, 10, 57, 76
184, CIVILIZATION_SCOTLAND, 8, 33, 27, 18, 6, 0, 0, 0, 101, 18, 54, 407, 50, 40, 22, 43, 84, 84
184, CIVILIZATION_GRAN_COLOMBIA, 8, 54, 28, 20, 5, 0, 0, 3, 115, 30, 0, 387, 60, 41, 45, 49, 119, 149
184, CIVILIZATION_GREECE, 4, 18, 28, 18, 2, 0, 0, 0, 63, 8, 154, 331, 58, 22, 50, 2, 53, 48
184, CIVILIZATION_AMERICA, 7, 31, 27, 18, 2, 0, 0, 3, 89, 22, 144, 175, 52, 33, 28, 11, 91, 89
184, CIVILIZATION_CANADA, 5, 24, 27, 15, 5, 0, 0, 10, 76, 16, 170, 147, 71, 36, 46, 59, 88, 53
184, CIVILIZATION_KONGO, 2, 17, 28, 13, 2, 0, 0, 1, 29, 3, 22, 115, 37, 6, 19, 4, 38, 41
184, CIVILIZATION_INDONESIA, 4, 24, 23, 15, 1, 0, 0, 9, 57, 5, 1, 326, 41, 31, 30, 18, 50, 72
184, CIVILIZATION_CARDIFF, 1, 10, 28, 17, 0, 0, 0, 0, 10, 3, 78, 16, 5, 4, 7, 0, 5, 25
184, CIVILIZATION_KANDY, 1, 9, 27, 17, 5, 0, 0, 2, 12, 2, 4, 0, 5, 5, 10, 0, 2, 24
184, CIVILIZATION_LISBON, 1, 11, 28, 16, 1, 0, 0, 0, 13, 6, 309, 0, 6, 5, 18, 0, 3, 33
184, CIVILIZATION_RAPA_NUI, 1, 9, 28, 16, 4, 0, 0, 0, 13, 7, 370, 7, 5, 5, 16, 0, 2, 22
184, CIVILIZATION_ARMAGH, 1, 8, 28, 17, 0, 0, 0, 0, 12, 1, 241, 649, 5, 5, 12, 5, 6, 22
184, CIVILIZATION_HATTUSA, 1, 5, 29, 16, 1, 0, 0, 0, 11, 8, 33, 0, 4, 4, 9, 0, 7, 12
184, CIVILIZATION_SINGAPORE, 1, 10, 28, 16, 6, 0, 0, 0, 11, 10, 0, 247, 7, 4, 9, 1, 7, 25
184, CIVILIZATION_BABYLON, 1, 10, 27, 16, 2, 0, 0, 0, 12, 6, 56, 0, 5, 3, 5, 0, 2, 30
184, CIVILIZATION_LA_VENTA, 1, 7, 28, 17, 2, 0, 0, 0, 12, 5, 55, 1811, 6, 4, 10, 46, 3, 17
184, CIVILIZATION_JERUSALEM, 1, 9, 27, 17, 2, 0, 0, 0, 12, 8, 16, 9079, 8, 6, 9, 121, 11, 25
184, CIVILIZATION_FREE_CITIES, 2, 6, 9, 12, 3, 0, 0, 0, 14, 4, 0, 0, 0, 0, 1, 0, 1, 18
184, CIVILIZATION_MAYA, 9, 82, 37, 25, 11, 0, 0, 0, 153, 42, 757, 867, 184, 66, 135, 88, 214, 231
184, CIVILIZATION_EGYPT, 10, 60, 32, 22, 11, 0, 0, 1, 166, 39, 252, 276, 127, 80, 295, 39, 165, 184
185, CIVILIZATION_MAPUCHE, 4, 28, 30, 20, 0, 0, 0, 0, 55, 9, 2, 369, 47, 32, 12, 10, 57, 76
185, CIVILIZATION_SCOTLAND, 8, 33, 27, 18, 6, 0, 0, 0, 102, 18, 50, 453, 50, 40, 22, 45, 87, 82
185, CIVILIZATION_GRAN_COLOMBIA, 9, 56, 28, 20, 4, 0, 0, 3, 122, 30, 0, 59, 66, 43, 45, 52, 123, 155
185, CIVILIZATION_GREECE, 4, 19, 28, 18, 2, 0, 0, 0, 63, 8, 161, 333, 57, 26, 51, 2, 56, 49
185, CIVILIZATION_AMERICA, 7, 33, 27, 18, 2, 0, 0, 3, 89, 22, 68, 187, 53, 33, 28, 11, 94, 94
185, CIVILIZATION_CANADA, 5, 23, 27, 15, 5, 0, 0, 10, 76, 16, 157, 207, 69, 35, 46, 59, 87, 52
185, CIVILIZATION_KONGO, 2, 17, 28, 13, 2, 0, 0, 1, 29, 3, 18, 119, 29, 5, 15, 3, 33, 41
185, CIVILIZATION_INDONESIA, 4, 24, 23, 15, 1, 0, 0, 9, 57, 4, 0, 343, 39, 29, 28, 17, 49, 71
185, CIVILIZATION_CARDIFF, 1, 10, 29, 17, 0, 0, 0, 0, 10, 3, 84, 16, 5, 4, 7, 0, 5, 25
185, CIVILIZATION_KANDY, 1, 9, 27, 17, 5, 0, 0, 2, 12, 2, 0, 0, 5, 5, 10, 0, 2, 24
185, CIVILIZATION_LISBON, 1, 11, 29, 16, 1, 0, 0, 0, 13, 7, 309, 0, 6, 5, 18, 0, 3, 34
185, CIVILIZATION_RAPA_NUI, 1, 9, 29, 16, 4, 0, 0, 0, 13, 7, 374, 8, 5, 5, 16, 0, 2, 22
185, CIVILIZATION_ARMAGH, 1, 8, 29, 17, 0, 0, 0, 0, 12, 1, 251, 654, 5, 5, 12, 5, 6, 22
185, CIVILIZATION_HATTUSA, 1, 6, 29, 16, 1, 0, 0, 0, 12, 8, 39, 0, 5, 4, 9, 0, 8, 14
185, CIVILIZATION_SINGAPORE, 1, 10, 29, 16, 6, 0, 0, 0, 11, 10, 0, 249, 7, 4, 9, 1, 7, 25
185, CIVILIZATION_BABYLON, 1, 10, 27, 16, 2, 0, 0, 0, 12, 6, 54, 0, 5, 3, 5, 0, 2, 30
185, CIVILIZATION_LA_VENTA, 1, 7, 29, 17, 2, 0, 0, 0, 12, 5, 59, 1858, 6, 4, 10, 46, 3, 17
185, CIVILIZATION_JERUSALEM, 1, 9, 27, 17, 3, 0, 0, 0, 12, 8, 15, 9201, 8, 6, 9, 121, 11, 25
185, CIVILIZATION_FREE_CITIES, 2, 7, 10, 13, 3, 0, 0, 0, 14, 4, 0, 0, 1, 0, 1, 0, 3, 19
185, CIVILIZATION_MAYA, 10, 86, 37, 25, 11, 0, 0, 0, 160, 45, 821, 956, 185, 69, 136, 88, 222, 241
185, CIVILIZATION_EGYPT, 10, 60, 32, 22, 11, 0, 0, 1, 167, 39, 495, 315, 127, 80, 296, 39, 165, 184
186, CIVILIZATION_MAPUCHE, 4, 28, 30, 20, 0, 0, 0, 0, 55, 9, 2, 379, 50, 32, 12, 10, 57, 75
186, CIVILIZATION_SCOTLAND, 8, 33, 27, 18, 6, 0, 0, 0, 102, 18, 45, 496, 50, 40, 22, 43, 85, 84
186, CIVILIZATION_GRAN_COLOMBIA, 9, 56, 28, 20, 4, 0, 0, 2, 123, 31, 0, 117, 66, 43, 41, 57, 120, 153
186, CIVILIZATION_GREECE, 4, 19, 28, 18, 2, 0, 0, 0, 63, 8, 165, 336, 57, 28, 49, 2, 55, 49
186, CIVILIZATION_AMERICA, 7, 33, 27, 18, 2, 0, 0, 3, 89, 22, 67, 198, 53, 33, 28, 11, 94, 94
186, CIVILIZATION_CANADA, 5, 23, 27, 15, 5, 0, 0, 10, 76, 16, 144, 267, 69, 35, 46, 59, 87, 52
186, CIVILIZATION_KONGO, 2, 17, 28, 13, 2, 0, 0, 1, 29, 3, 14, 122, 31, 5, 16, 3, 35, 41
186, CIVILIZATION_INDONESIA, 4, 24, 23, 15, 1, 0, 0, 8, 57, 4, 0, 360, 39, 29, 28, 17, 49, 71
186, CIVILIZATION_CARDIFF, 1, 10, 29, 17, 0, 0, 0, 0, 10, 3, 90, 16, 5, 4, 7, 0, 5, 25
186, CIVILIZATION_KANDY, 1, 9, 27, 17, 5, 0, 0, 2, 12, 2, 0, 0, 5, 5, 10, 0, 2, 24
186, CIVILIZATION_LISBON, 1, 11, 29, 16, 1, 0, 0, 0, 13, 7, 324, 0, 6, 5, 18, 0, 3, 34
186, CIVILIZATION_RAPA_NUI, 1, 9, 29, 16, 4, 0, 0, 0, 13, 7, 378, 8, 5, 5, 16, 0, 2, 22
186, CIVILIZATION_ARMAGH, 1, 8, 29, 17, 0, 0, 0, 0, 12, 1, 262, 660, 5, 5, 12, 5, 6, 22
186, CIVILIZATION_HATTUSA, 1, 6, 29, 16, 1, 0, 0, 0, 12, 8, 29, 0, 5, 4, 9, 0, 8, 14
186, CIVILIZATION_SINGAPORE, 1, 10, 29, 16, 6, 0, 0, 0, 11, 10, 0, 250, 7, 4, 9, 1, 7, 25
186, CIVILIZATION_BABYLON, 1, 10, 27, 16, 2, 0, 0, 0, 12, 6, 53, 0, 5, 3, 5, 0, 2, 30
186, CIVILIZATION_LA_VENTA, 1, 7, 29, 17, 2, 0, 0, 0, 12, 5, 47, 1905, 6, 4, 10, 46, 3, 17
186, CIVILIZATION_JERUSALEM, 1, 9, 27, 17, 3, 0, 0, 0, 12, 8, 14, 9322, 8, 6, 9, 121, 11, 25
186, CIVILIZATION_FREE_CITIES, 1, 3, 12, 14, 1, 0, 0, 0, 7, 1, 0, 0, 1, 0, 1, 0, 3, 11
186, CIVILIZATION_MAYA, 10, 86, 38, 25, 11, 0, 0, 0, 164, 45, 544, 1057, 185, 71, 155, 100, 226, 248
186, CIVILIZATION_EGYPT, 10, 63, 32, 22, 11, 0, 0, 1, 167, 39, 340, 354, 130, 81, 305, 39, 167, 188
187, CIVILIZATION_MAPUCHE, 4, 29, 31, 20, 0, 0, 0, 0, 56, 9, 3, 390, 52, 34, 12, 10, 58, 76
187, CIVILIZATION_SCOTLAND, 8, 33, 27, 18, 6, 0, 0, 0, 104, 18, 40, 542, 50, 40, 22, 45, 94, 80
187, CIVILIZATION_GRAN_COLOMBIA, 9, 55, 28, 20, 4, 0, 0, 1, 123, 29, 0, 177, 65, 42, 41, 60, 118, 146
187, CIVILIZATION_GREECE, 4, 20, 28, 19, 2, 0, 0, 0, 63, 4, 134, 338, 55, 25, 32, 2, 55, 46
187, CIVILIZATION_AMERICA, 7, 33, 27, 18, 3, 0, 0, 3, 89, 22, 61, 210, 53, 33, 28, 11, 94, 94
187, CIVILIZATION_CANADA, 5, 23, 27, 15, 4, 0, 0, 10, 76, 16, 135, 327, 69, 35, 46, 59, 87, 52
187, CIVILIZATION_KONGO, 2, 17, 28, 13, 2, 0, 0, 1, 29, 3, 11, 126, 31, 5, 16, 3, 35, 41
187, CIVILIZATION_INDONESIA, 4, 24, 23, 15, 1, 0, 0, 7, 57, 4, 0, 378, 39, 29, 28, 17, 49, 71
187, CIVILIZATION_CARDIFF, 1, 10, 29, 17, 0, 0, 0, 0, 10, 3, 96, 16, 5, 4, 7, 0, 5, 25
187, CIVILIZATION_KANDY, 1, 9, 27, 17, 5, 0, 0, 2, 12, 2, 0, 0, 5, 5, 10, 0, 2, 24
187, CIVILIZATION_LISBON, 1, 11, 29, 16, 1, 0, 0, 0, 13, 7, 339, 0, 6, 5, 18, 0, 3, 34
187, CIVILIZATION_RAPA_NUI, 1, 9, 29, 16, 5, 0, 0, 0, 13, 7, 378, 9, 5, 5, 16, 0, 2, 22
187, CIVILIZATION_ARMAGH, 1, 8, 29, 17, 0, 0, 0, 0, 12, 1, 272, 665, 5, 5, 12, 5, 6, 22
187, CIVILIZATION_HATTUSA, 1, 6, 29, 16, 1, 0, 0, 0, 12, 8, 34, 0, 5, 4, 9, 0, 8, 14
187, CIVILIZATION_SINGAPORE, 1, 10, 29, 16, 6, 0, 0, 0, 11, 10, 0, 252, 7, 4, 9, 1, 7, 25
187, CIVILIZATION_BABYLON, 1, 10, 27, 16, 2, 0, 0, 0, 12, 6, 52, 0, 5, 3, 5, 0, 2, 30
187, CIVILIZATION_LA_VENTA, 1, 7, 29, 17, 2, 0, 0, 0, 12, 5, 50, 1951, 6, 4, 10, 46, 3, 17
187, CIVILIZATION_JERUSALEM, 1, 9, 27, 17, 3, 0, 0, 0, 12, 8, 13, 9444, 8, 6, 9, 121, 11, 25
187, CIVILIZATION_FREE_CITIES, 1, 3, 14, 15, 1, 0, 0, 0, 7, 1, 0, 0, 1, 0, 1, 0, 3, 11
187, CIVILIZATION_MAYA, 10, 89, 38, 25, 11, 0, 0, 0, 164, 46, 626, 1160, 189, 72, 156, 103, 228, 246
187, CIVILIZATION_EGYPT, 10, 66, 33, 23, 11, 0, 0, 1, 168, 40, 622, 395, 132, 82, 305, 41, 173, 192
188, CIVILIZATION_MAPUCHE, 4, 30, 31, 20, 0, 0, 0, 0, 56, 9, 3, 400, 54, 34, 12, 10, 58, 76
188, CIVILIZATION_SCOTLAND, 8, 34, 27, 19, 6, 0, 0, 0, 104, 18, 35, 582, 54, 42, 22, 40, 85, 85
188, CIVILIZATION_GRAN_COLOMBIA, 9, 56, 28, 20, 3, 0, 0, 1, 124, 29, 0, 238, 66, 46, 41, 62, 123, 153
188, CIVILIZATION_GREECE, 4, 20, 28, 19, 2, 0, 0, 0, 63, 4, 119, 340, 50, 21, 32, 2, 56, 47
188, CIVILIZATION_AMERICA, 7, 33, 27, 18, 3, 0, 0, 3, 89, 22, 56, 222, 53, 33, 28, 11, 94, 94
188, CIVILIZATION_CANADA, 5, 23, 27, 15, 3, 0, 0, 10, 76, 16, 130, 82, 69, 35, 46, 59, 87, 52
188, CIVILIZATION_KONGO, 2, 17, 28, 13, 2, 0, 0, 1, 29, 3, 5, 129, 26, 4, 13, 3, 31, 41
188, CIVILIZATION_INDONESIA, 4, 24, 23, 15, 1, 0, 0, 8, 58, 3, 0, 395, 39, 29, 28, 17, 47, 72
188, CIVILIZATION_CARDIFF, 1, 10, 29, 17, 0, 0, 0, 0, 10, 3, 102, 16, 5, 4, 7, 0, 5, 25
188, CIVILIZATION_KANDY, 1, 9, 27, 17, 5, 0, 0, 2, 12, 2, 0, 0, 5, 5, 10, 0, 2, 24
188, CIVILIZATION_LISBON, 1, 11, 29, 16, 1, 0, 0, 0, 13, 7, 353, 0, 6, 5, 18, 0, 3, 34
188, CIVILIZATION_RAPA_NUI, 1, 9, 29, 16, 5, 0, 0, 0, 13, 7, 379, 10, 5, 5, 16, 0, 2, 22
188, CIVILIZATION_ARMAGH, 1, 8, 29, 17, 0, 0, 0, 0, 12, 1, 283, 670, 5, 5, 12, 5, 6, 22
188, CIVILIZATION_HATTUSA, 1, 6, 29, 16, 1, 0, 0, 0, 12, 8, 39, 0, 5, 4, 9, 0, 8, 14
188, CIVILIZATION_SINGAPORE, 1, 10, 29, 16, 6, 0, 0, 0, 11, 10, 0, 254, 7, 4, 9, 1, 7, 25
188, CIVILIZATION_BABYLON, 1, 10, 27, 16, 2, 0, 0, 0, 12, 6, 50, 0, 5, 3, 5, 0, 2, 30
188, CIVILIZATION_LA_VENTA, 1, 7, 29, 17, 2, 0, 0, 0, 12, 5, 37, 1998, 6, 4, 10, 46, 3, 17
188, CIVILIZATION_JERUSALEM, 1, 9, 27, 17, 3, 0, 0, 0, 12, 8, 12, 9565, 8, 6, 9, 121, 11, 25
188, CIVILIZATION_FREE_CITIES, 1, 3, 15, 16, 1, 0, 0, 0, 7, 1, 0, 0, 2, 0, 1, 0, 3, 11
188, CIVILIZATION_MAYA, 10, 90, 38, 25, 11, 0, 0, 0, 168, 47, 732, 1274, 198, 79, 178, 113, 237, 259
188, CIVILIZATION_EGYPT, 10, 66, 33, 23, 11, 0, 0, 1, 168, 40, 453, 436, 132, 82, 311, 41, 180, 196
189, CIVILIZATION_MAPUCHE, 4, 29, 31, 20, 0, 0, 0, 0, 57, 9, 2, 410, 61, 34, 13, 10, 59, 75
189, CIVILIZATION_SCOTLAND, 8, 34, 28, 19, 6, 0, 0, 0, 104, 18, 30, 628, 54, 42, 22, 45, 93, 80
189, CIVILIZATION_GRAN_COLOMBIA, 9, 57, 28, 20, 3, 0, 0, 1, 124, 29, 0, 301, 66, 47, 41, 62, 126, 156
189, CIVILIZATION_GREECE, 4, 17, 28, 19, 2, 0, 0, 0, 64, 4, 103, 342, 57, 25, 31, 2, 55, 42
189, CIVILIZATION_AMERICA, 7, 33, 28, 18, 3, 0, 0, 3, 90, 22, 51, 234, 53, 33, 28, 11, 94, 94
189, CIVILIZATION_CANADA, 5, 23, 27, 15, 3, 0, 0, 10, 76, 16, 125, 142, 69, 35, 46, 59, 87, 52
189, CIVILIZATION_KONGO, 2, 17, 28, 13, 2, 0, 0, 1, 29, 3, 0, 132, 24, 4, 12, 2, 29, 41
189, CIVILIZATION_INDONESIA, 4, 24, 23, 15, 2, 0, 0, 6, 58, 3, 0, 412, 39, 29, 28, 17, 47, 72
189, CIVILIZATION_CARDIFF, 1, 10, 29, 17, 0, 0, 0, 0, 10, 3, 109, 16, 5, 4, 7, 0, 5, 25
189, CIVILIZATION_KANDY, 1, 9, 27, 17, 5, 0, 0, 2, 12, 2, 0, 0, 5, 5, 10, 0, 2, 24
189, CIVILIZATION_LISBON, 1, 11, 29, 16, 1, 0, 0, 0, 13, 7, 368, 0, 6, 5, 18, 0, 3, 34
189, CIVILIZATION_RAPA_NUI, 1, 9, 29, 16, 5, 0, 0, 0, 13, 7, 380, 11, 5, 5, 16, 0, 2, 22
189, CIVILIZATION_ARMAGH, 1, 8, 29, 17, 0, 0, 0, 0, 12, 1, 294, 676, 5, 5, 12, 5, 6, 22
189, CIVILIZATION_HATTUSA, 1, 6, 29, 16, 1, 0, 0, 0, 12, 8, 44, 0, 5, 4, 9, 0, 8, 14
189, CIVILIZATION_SINGAPORE, 1, 10, 29, 16, 6, 0, 0, 0, 11, 10, 0, 255, 7, 4, 9, 1, 7, 25
189, CIVILIZATION_BABYLON, 1, 10, 27, 16, 3, 0, 0, 0, 12, 6, 46, 0, 5, 3, 5, 0, 2, 30
189, CIVILIZATION_LA_VENTA, 1, 7, 29, 17, 2, 0, 0, 0, 12, 5, 38, 2044, 6, 4, 10, 46, 3, 17
189, CIVILIZATION_JERUSALEM, 1, 9, 27, 17, 3, 0, 0, 0, 12, 8, 11, 9686, 8, 6, 9, 121, 11, 25
189, CIVILIZATION_FREE_CITIES, 1, 3, 16, 17, 2, 0, 0, 0, 7, 1, 0, 0, 2, 0, 1, 0, 3, 11
189, CIVILIZATION_MAYA, 10, 90, 38, 25, 11, 0, 0, 0, 168, 47, 838, 1387, 198, 79, 178, 113, 239, 261
189, CIVILIZATION_EGYPT, 10, 67, 33, 23, 11, 0, 0, 1, 168, 41, 703, 477, 142, 82, 311, 41, 183, 197
190, CIVILIZATION_MAPUCHE, 4, 29, 31, 20, 0, 0, 0, 0, 57, 9, 2, 420, 61, 34, 13, 10, 59, 75
190, CIVILIZATION_SCOTLAND, 8, 35, 28, 19, 6, 0, 0, 0, 104, 18, 26, 668, 55, 42, 22, 40, 87, 86
190, CIVILIZATION_GRAN_COLOMBIA, 9, 57, 28, 20, 2, 0, 0, 1, 124, 29, 0, 363, 66, 47, 41, 63, 124, 154
190, CIVILIZATION_GREECE, 4, 17, 28, 19, 2, 0, 0, 0, 64, 4, 91, 345, 56, 25, 34, 2, 53, 43
190, CIVILIZATION_AMERICA, 7, 33, 28, 18, 3, 0, 0, 3, 90, 22, 46, 245, 57, 33, 28, 11, 94, 94
190, CIVILIZATION_CANADA, 5, 23, 27, 15, 3, 0, 0, 10, 78, 16, 121, 209, 76, 36, 47, 68, 87, 52
190, CIVILIZATION_KONGO, 2, 16, 28, 13, 2, 0, 0, 0, 29, 3, 0, 134, 10, 1, 4, 1, 16, 39
190, CIVILIZATION_INDONESIA, 4, 24, 23, 15, 1, 0, 0, 5, 59, 3, 0, 429, 39, 29, 28, 17, 47, 72
190, CIVILIZATION_CARDIFF, 1, 10, 29, 17, 0, 0, 0, 0, 10, 3, 115, 16, 5, 4, 7, 0, 5, 25
190, CIVILIZATION_KANDY, 1, 9, 27, 17, 5, 0, 0, 2, 12, 2, 0, 0, 5, 5, 10, 0, 2, 24
190, CIVILIZATION_LISBON, 1, 11, 29, 16, 1, 0, 0, 0, 13, 7, 383, 35, 6, 5, 18, 35, 3, 34
190, CIVILIZATION_RAPA_NUI, 1, 9, 29, 16, 5, 0, 0, 0, 13, 7, 381, 12, 5, 5, 16, 0, 2, 22
190, CIVILIZATION_ARMAGH, 1, 9, 29, 17, 0, 0, 0, 0, 12, 1, 303, 682, 5, 5, 11, 6, 4, 22
190, CIVILIZATION_HATTUSA, 1, 6, 29, 16, 1, 0, 0, 0, 12, 8, 99, 0, 5, 4, 9, 0, 8, 14
190, CIVILIZATION_SINGAPORE, 1, 10, 29, 16, 5, 0, 0, 0, 11, 10, 0, 257, 6, 4, 7, 1, 6, 25
190, CIVILIZATION_BABYLON, 1, 10, 27, 16, 3, 0, 0, 0, 12, 6, 41, 0, 5, 3, 5, 0, 2, 30
190, CIVILIZATION_LA_VENTA, 1, 7, 29, 17, 2, 0, 0, 0, 12, 5, 40, 2091, 6, 4, 10, 46, 3, 17
190, CIVILIZATION_JERUSALEM, 1, 9, 27, 17, 3, 0, 0, 0, 12, 8, 10, 9808, 8, 6, 9, 121, 11, 25
190, CIVILIZATION_FREE_CITIES, 1, 3, 17, 18, 2, 0, 0, 0, 7, 1, 0, 0, 2, 0, 1, 0, 3, 11
190, CIVILIZATION_MAYA, 10, 91, 38, 26, 11, 0, 0, 0, 168, 48, 951, 1186, 197, 81, 184, 113, 238, 269
190, CIVILIZATION_EGYPT, 10, 67, 33, 23, 11, 0, 0, 1, 169, 41, 984, 518, 144, 83, 343, 41, 185, 197
191, CIVILIZATION_MAPUCHE, 4, 29, 31, 20, 0, 0, 0, 0, 58, 9, 0, 431, 58, 40, 13, 10, 59, 75
191, CIVILIZATION_SCOTLAND, 8, 35, 28, 19, 6, 0, 0, 0, 105, 18, 21, 714, 55, 42, 22, 45, 95, 81
191, CIVILIZATION_GRAN_COLOMBIA, 10, 58, 28, 20, 2, 0, 0, 0, 131, 29, 0, 429, 71, 50, 44, 66, 134, 162
191, CIVILIZATION_GREECE, 5, 18, 28, 19, 2, 0, 0, 0, 70, 4, 80, 347, 53, 24, 32, 2, 55, 47
191, CIVILIZATION_AMERICA, 7, 33, 28, 18, 3, 0, 0, 3, 90, 22, 41, 257, 57, 33, 28, 11, 94, 94
191, CIVILIZATION_CANADA, 5, 23, 27, 15, 3, 0, 0, 10, 78, 17, 122, 277, 76, 36, 47, 68, 91, 52
191, CIVILIZATION_KONGO, 2, 16, 28, 13, 2, 0, 0, 0, 29, 3, 0, 135, 10, 1, 4, 1, 16, 39
191, CIVILIZATION_INDONESIA, 4, 24, 24, 16, 1, 0, 0, 5, 59, 3, 3, 447, 37, 29, 40, 17, 43, 72
191, CIVILIZATION_CARDIFF, 1, 10, 29, 17, 0, 0, 0, 0, 11, 3, 121, 16, 5, 4, 6, 0, 6, 26
191, CIVILIZATION_KANDY, 1, 9, 27, 17, 5, 0, 0, 2, 12, 2, 0, 1, 5, 5, 10, 0, 2, 24
191, CIVILIZATION_LISBON, 1, 11, 29, 16, 0, 0, 0, 0, 13, 7, 401, 70, 6, 5, 18, 35, 3, 34
191, CIVILIZATION_RAPA_NUI, 1, 9, 29, 16, 5, 0, 0, 0, 13, 7, 382, 12, 5, 5, 16, 0, 2, 22
191, CIVILIZATION_ARMAGH, 1, 9, 29, 17, 0, 0, 0, 0, 12, 1, 312, 689, 5, 5, 11, 6, 4, 22
191, CIVILIZATION_HATTUSA, 1, 6, 29, 16, 1, 0, 0, 0, 12, 8, 104, 0, 5, 4, 9, 0, 8, 14
191, CIVILIZATION_SINGAPORE, 1, 10, 29, 16, 5, 0, 0, 0, 11, 10, 0, 258, 6, 4, 11, 1, 6, 25
191, CIVILIZATION_BABYLON, 1, 10, 27, 16, 3, 0, 0, 0, 12, 6, 37, 0, 5, 3, 5, 0, 2, 30
191, CIVILIZATION_LA_VENTA, 1, 7, 29, 17, 2, 0, 0, 0, 12, 5, 42, 2138, 6, 4, 10, 46, 3, 17
191, CIVILIZATION_JERUSALEM, 1, 9, 27, 17, 4, 0, 0, 0, 12, 8, 6, 9929, 8, 6, 9, 121, 11, 25
191, CIVILIZATION_FREE_CITIES, 1, 3, 18, 18, 2, 0, 0, 0, 7, 1, 0, 0, 2, 0, 1, 0, 3, 11
191, CIVILIZATION_MAYA, 10, 91, 38, 26, 11, 0, 0, 0, 170, 49, 1063, 964, 197, 85, 189, 113, 236, 269
191, CIVILIZATION_EGYPT, 10, 67, 34, 23, 11, 0, 0, 1, 170, 42, 1122, 559, 146, 85, 370, 41, 205, 197
192, CIVILIZATION_MAPUCHE, 4, 29, 31, 20, 0, 0, 0, 0, 58, 9, 0, 441, 58, 40, 13, 10, 58, 75
192, CIVILIZATION_SCOTLAND, 8, 35, 28, 19, 6, 0, 0, 0, 105, 18, 16, 754, 55, 42, 22, 40, 87, 86
192, CIVILIZATION_GRAN_COLOMBIA, 10, 59, 28, 20, 2, 0, 0, 0, 131, 29, 0, 96, 71, 49, 43, 67, 133, 161
192, CIVILIZATION_GREECE, 5, 18, 28, 19, 2, 0, 0, 0, 70, 4, 69, 351, 53, 24, 32, 5, 55, 47
192, CIVILIZATION_AMERICA, 7, 33, 28, 18, 3, 0, 0, 3, 90, 22, 35, 269, 57, 33, 28, 11, 94, 94
192, CIVILIZATION_CANADA, 5, 23, 28, 16, 4, 0, 0, 10, 80, 17, 118, 346, 76, 36, 47, 68, 91, 52
192, CIVILIZATION_KONGO, 2, 16, 28, 13, 2, 0, 0, 0, 29, 3, 0, 136, 10, 1, 4, 1, 16, 39
192, CIVILIZATION_INDONESIA, 4, 25, 24, 16, 1, 0, 0, 5, 59, 3, 16, 464, 39, 30, 37, 17, 43, 73
192, CIVILIZATION_CARDIFF, 1, 10, 29, 17, 1, 0, 0, 0, 11, 3, 124, 16, 5, 4, 6, 0, 6, 26
192, CIVILIZATION_KANDY, 1, 9, 27, 17, 5, 0, 0, 2, 12, 2, 0, 2, 5, 5, 10, 0, 2, 24
192, CIVILIZATION_LISBON, 1, 11, 29, 16, 0, 0, 0, 0, 13, 7, 420, 105, 6, 5, 18, 35, 3, 34
192, CIVILIZATION_RAPA_NUI, 1, 9, 29, 16, 5, 0, 0, 0, 13, 7, 382, 13, 5, 5, 16, 0, 2, 27
192, CIVILIZATION_ARMAGH, 1, 9, 29, 17, 0, 0, 0, 0, 12, 1, 321, 695, 5, 5, 11, 6, 4, 22
192, CIVILIZATION_HATTUSA, 1, 6, 29, 16, 1, 0, 0, 0, 12, 8, 109, 0, 5, 4, 9, 0, 8, 14
192, CIVILIZATION_SINGAPORE, 1, 10, 29, 16, 5, 0, 0, 0, 11, 10, 0, 260, 6, 4, 11, 1, 6, 25
192, CIVILIZATION_BABYLON, 1, 10, 27, 16, 3, 0, 0, 0, 12, 6, 33, 0, 5, 3, 5, 0, 2, 30
192, CIVILIZATION_LA_VENTA, 1, 7, 29, 17, 2, 0, 0, 0, 12, 5, 44, 2184, 6, 4, 10, 46, 3, 17
192, CIVILIZATION_JERUSALEM, 1, 9, 27, 17, 2, 0, 0, 0, 12, 8, 8, 10051, 8, 6, 9, 121, 11, 25
192, CIVILIZATION_FREE_CITIES, 2, 13, 20, 18, 4, 0, 0, 0, 23, 4, 0, 0, 10, 2, 6, 0, 13, 34
192, CIVILIZATION_MAYA, 10, 91, 39, 26, 11, 0, 0, 0, 170, 51, 1177, 1080, 201, 85, 192, 116, 256, 270
192, CIVILIZATION_EGYPT, 10, 68, 34, 24, 11, 0, 0, 1, 171, 42, 1414, 600, 145, 84, 342, 41, 205, 200
193, CIVILIZATION_MAPUCHE, 4, 29, 31, 20, 0, 0, 0, 0, 58, 9, 0, 451, 58, 40, 13, 10, 58, 75
193, CIVILIZATION_SCOTLAND, 8, 34, 28, 19, 6, 0, 0, 0, 105, 18, 61, 47, 55, 42, 22, 43, 94, 80
193, CIVILIZATION_GRAN_COLOMBIA, 10, 60, 29, 20, 3, 0, 0, 0, 131, 29, 32, 170, 79, 56, 47, 73, 148, 163
193, CIVILIZATION_GREECE, 5, 18, 28, 19, 2, 0, 0, 0, 70, 4, 107, 357, 53, 24, 32, 5, 55, 47
193, CIVILIZATION_AMERICA, 7, 33, 28, 19, 3, 0, 0, 3, 90, 22, 80, 280, 57, 33, 44, 11, 86, 94
193, CIVILIZATION_CANADA, 5, 23, 28, 16, 4, 0, 0, 10, 80, 17, 165, 99, 81, 36, 47, 68, 91, 52
193, CIVILIZATION_KONGO, 1, 6, 28, 13, 2, 0, 0, 0, 13, 0, 6, 140, 10, 2, 16, 3, 16, 16
193, CIVILIZATION_INDONESIA, 4, 24, 24, 17, 1, 0, 0, 3, 59, 3, 80, 481, 39, 30, 23, 17, 44, 69
193, CIVILIZATION_CARDIFF, 1, 10, 29, 17, 1, 0, 0, 0, 11, 3, 128, 16, 5, 4, 6, 0, 6, 26
193, CIVILIZATION_KANDY, 1, 9, 27, 17, 4, 0, 0, 2, 13, 2, 0, 3, 4, 4, 8, 0, 2, 26
193, CIVILIZATION_LISBON, 1, 11, 29, 16, 0, 0, 0, 0, 14, 7, 438, 140, 6, 5, 18, 35, 3, 34
193, CIVILIZATION_RAPA_NUI, 1, 9, 29, 16, 5, 0, 0, 0, 13, 7, 383, 14, 5, 5, 16, 0, 2, 27
193, CIVILIZATION_ARMAGH, 1, 9, 29, 17, 0, 0, 0, 0, 12, 1, 330, 701, 5, 5, 11, 6, 4, 22
193, CIVILIZATION_HATTUSA, 1, 6, 29, 16, 1, 0, 0, 0, 13, 8, 114, 0, 5, 4, 9, 0, 8, 14
193, CIVILIZATION_SINGAPORE, 1, 10, 29, 16, 5, 0, 0, 0, 11, 10, 0, 262, 6, 4, 11, 1, 6, 25
193, CIVILIZATION_BABYLON, 1, 10, 27, 16, 3, 0, 0, 0, 12, 6, 28, 0, 5, 3, 5, 0, 2, 30
193, CIVILIZATION_LA_VENTA, 1, 7, 29, 17, 2, 0, 0, 0, 12, 5, 46, 2231, 6, 4, 10, 46, 3, 17
193, CIVILIZATION_JERUSALEM, 1, 9, 27, 17, 2, 0, 0, 0, 12, 8, 10, 10172, 8, 6, 9, 121, 11, 25
193, CIVILIZATION_FREE_CITIES, 2, 14, 21, 18, 3, 0, 0, 0, 23, 4, 0, 0, 12, 3, 6, 0, 15, 36
193, CIVILIZATION_MAYA, 10, 93, 40, 26, 11, 0, 0, 0, 170, 52, 672, 1199, 204, 86, 197, 119, 257, 273
193, CIVILIZATION_EGYPT, 10, 68, 34, 24, 11, 0, 0, 1, 174, 42, 1453, 648, 147, 86, 403, 48, 206, 200
194, CIVILIZATION_MAPUCHE, 5, 30, 31, 20, 0, 0, 0, 0, 65, 9, 0, 461, 58, 40, 13, 10, 59, 80
194, CIVILIZATION_SCOTLAND, 8, 34, 28, 19, 6, 0, 0, 0, 105, 18, 56, 88, 55, 42, 22, 40, 87, 83
194, CIVILIZATION_GRAN_COLOMBIA, 10, 61, 29, 21, 3, 0, 0, 0, 131, 29, 18, 243, 80, 56, 64, 73, 138, 164
194, CIVILIZATION_GREECE, 5, 18, 28, 19, 1, 0, 0, 0, 71, 4, 99, 364, 62, 24, 32, 7, 55, 47
194, CIVILIZATION_AMERICA, 7, 33, 28, 19, 3, 0, 0, 3, 91, 22, 89, 292, 57, 33, 44, 11, 89, 94
194, CIVILIZATION_CANADA, 5, 24, 28, 16, 4, 0, 0, 10, 82, 17, 185, 167, 81, 37, 62, 68, 92, 53
194, CIVILIZATION_KONGO, 1, 6, 28, 13, 2, 0, 0, 0, 13, 0, 10, 142, 7, 1, 11, 2, 11, 16
194, CIVILIZATION_INDONESIA, 4, 24, 24, 17, 1, 0, 0, 3, 59, 4, 83, 500, 40, 31, 25, 19, 46, 69
194, CIVILIZATION_CARDIFF, 1, 10, 29, 17, 1, 0, 0, 0, 11, 3, 132, 16, 5, 4, 6, 0, 6, 26
194, CIVILIZATION_KANDY, 1, 9, 27, 17, 4, 0, 0, 2, 13, 2, 0, 3, 5, 5, 9, 0, 3, 26
194, CIVILIZATION_LISBON, 1, 11, 29, 16, 0, 0, 0, 0, 14, 7, 457, 175, 6, 5, 18, 35, 3, 34
194, CIVILIZATION_RAPA_NUI, 1, 9, 29, 16, 5, 0, 0, 0, 13, 7, 384, 15, 5, 5, 16, 0, 2, 27
194, CIVILIZATION_ARMAGH, 1, 9, 29, 17, 0, 0, 0, 0, 12, 1, 340, 708, 5, 5, 11, 6, 4, 22
194, CIVILIZATION_HATTUSA, 1, 6, 29, 16, 1, 0, 0, 0, 13, 8, 119, 0, 5, 4, 9, 0, 8, 14
194, CIVILIZATION_SINGAPORE, 1, 10, 29, 16, 5, 0, 0, 0, 11, 10, 0, 263, 6, 4, 11, 1, 6, 25
194, CIVILIZATION_BABYLON, 1, 10, 27, 16, 3, 0, 0, 0, 12, 6, 24, 0, 5, 3, 5, 0, 2, 30
194, CIVILIZATION_LA_VENTA, 1, 7, 29, 17, 2, 0, 0, 0, 12, 5, 47, 2277, 6, 4, 10, 46, 3, 17
194, CIVILIZATION_JERUSALEM, 1, 9, 27, 17, 2, 0, 0, 0, 12, 8, 12, 10293, 8, 6, 9, 121, 11, 25
194, CIVILIZATION_FREE_CITIES, 2, 14, 22, 18, 4, 0, 0, 0, 23, 4, 0, 0, 12, 3, 6, 0, 15, 36
194, CIVILIZATION_MAYA, 10, 93, 40, 26, 11, 0, 0, 0, 171, 52, 891, 1330, 206, 87, 200, 130, 261, 273
194, CIVILIZATION_EGYPT, 10, 68, 35, 25, 11, 0, 0, 1, 174, 42, 1790, 696, 145, 90, 401, 48, 207, 200
195, CIVILIZATION_MAPUCHE, 5, 30, 31, 20, 0, 0, 0, 0, 65, 9, 0, 467, 58, 40, 13, 6, 59, 80
195, CIVILIZATION_SCOTLAND, 8, 34, 28, 19, 6, 0, 0, 0, 105, 18, 51, 132, 56, 42, 22, 43, 94, 80
195, CIVILIZATION_GRAN_COLOMBIA, 10, 61, 29, 21, 2, 0, 0, 0, 132, 29, 23, 316, 80, 56, 64, 73, 141, 165
195, CIVILIZATION_GREECE, 5, 18, 29, 19, 1, 0, 0, 0, 71, 4, 90, 371, 58, 20, 32, 7, 55, 47
195, CIVILIZATION_AMERICA, 7, 33, 28, 19, 3, 0, 0, 3, 92, 22, 98, 304, 57, 33, 44, 11, 89, 94
195, CIVILIZATION_CANADA, 5, 24, 28, 16, 4, 0, 0, 10, 82, 17, 205, 238, 82, 38, 63, 72, 92, 53
195, CIVILIZATION_KONGO, 1, 6, 28, 13, 2, 0, 0, 0, 13, 0, 14, 144, 7, 1, 11, 2, 11, 16
195, CIVILIZATION_INDONESIA, 4, 22, 25, 17, 1, 0, 0, 3, 60, 4, 87, 520, 39, 31, 25, 19, 44, 62
195, CIVILIZATION_CARDIFF, 1, 10, 30, 17, 1, 0, 0, 0, 11, 3, 136, 16, 5, 4, 6, 0, 6, 26
195, CIVILIZATION_KANDY, 1, 9, 27, 17, 4, 0, 0, 2, 13, 2, 0, 4, 5, 5, 9, 0, 3, 26
195, CIVILIZATION_LISBON, 1, 11, 29, 16, 0, 0, 0, 0, 14, 7, 475, 210, 6, 5, 18, 35, 3, 34
195, CIVILIZATION_RAPA_NUI, 1, 9, 29, 16, 5, 0, 0, 0, 13, 7, 382, 15, 5, 4, 14, 0, 2, 27
195, CIVILIZATION_ARMAGH, 1, 9, 29, 17, 0, 0, 0, 0, 12, 2, 349, 716, 5, 5, 11, 8, 4, 22
195, CIVILIZATION_HATTUSA, 1, 6, 29, 16, 2, 0, 0, 0, 13, 8, 120, 0, 5, 4, 9, 0, 8, 14
195, CIVILIZATION_SINGAPORE, 1, 10, 29, 16, 5, 0, 0, 0, 11, 10, 0, 265, 6, 4, 11, 1, 6, 25
195, CIVILIZATION_BABYLON, 1, 10, 28, 16, 3, 0, 0, 0, 12, 6, 20, 0, 5, 3, 5, 0, 2, 30
195, CIVILIZATION_LA_VENTA, 1, 7, 29, 17, 2, 0, 0, 0, 12, 5, 49, 2324, 6, 4, 10, 46, 3, 17
195, CIVILIZATION_JERUSALEM, 1, 9, 28, 17, 2, 0, 0, 0, 12, 8, 14, 10415, 8, 6, 9, 121, 11, 25
195, CIVILIZATION_FREE_CITIES, 2, 14, 23, 18, 4, 0, 0, 0, 23, 4, 0, 0, 9, 2, 5, 0, 12, 36
195, CIVILIZATION_MAYA, 10, 94, 41, 26, 11, 0, 0, 0, 172, 52, 971, 1461, 206, 87, 162, 130, 257, 256
195, CIVILIZATION_EGYPT, 10, 68, 35, 25, 11, 0, 0, 1, 174, 42, 767, 744, 145, 93, 364, 48, 241, 197
196, CIVILIZATION_MAPUCHE, 5, 30, 31, 20, 0, 0, 0, 0, 65, 9, 0, 474, 58, 40, 13, 6, 59, 80
196, CIVILIZATION_SCOTLAND, 8, 34, 29, 19, 6, 0, 0, 0, 106, 18, 44, 172, 56, 42, 21, 40, 87, 85
196, CIVILIZATION_GRAN_COLOMBIA, 10, 61, 29, 21, 2, 0, 0, 0, 133, 29, 27, 390, 82, 56, 64, 73, 142, 165
196, CIVILIZATION_GREECE, 5, 18, 29, 19, 1, 0, 0, 0, 71, 4, 81, 379, 58, 20, 32, 7, 55, 47
196, CIVILIZATION_AMERICA, 7, 33, 28, 19, 4, 0, 0, 3, 92, 22, 103, 316, 57, 33, 44, 11, 92, 94
196, CIVILIZATION_CANADA, 5, 24, 28, 16, 2, 0, 0, 10, 83, 17, 232, 311, 86, 38, 63, 72, 92, 53
196, CIVILIZATION_KONGO, 1, 6, 28, 13, 2, 0, 0, 0, 13, 0, 18, 147, 7, 1, 11, 2, 11, 16
196, CIVILIZATION_INDONESIA, 4, 21, 25, 17, 1, 0, 0, 3, 60, 4, 91, 539, 39, 31, 25, 21, 42, 59
196, CIVILIZATION_CARDIFF, 1, 10, 30, 17, 1, 0, 0, 0, 11, 3, 140, 16, 5, 4, 6, 0, 6, 26
196, CIVILIZATION_KANDY, 1, 9, 27, 17, 4, 0, 0, 2, 13, 2, 0, 5, 5, 5, 9, 0, 3, 26
196, CIVILIZATION_LISBON, 1, 11, 30, 16, 0, 0, 0, 0, 14, 7, 493, 245, 6, 5, 18, 35, 3, 34
196, CIVILIZATION_RAPA_NUI, 1, 9, 30, 16, 5, 0, 0, 0, 13, 7, 386, 16, 6, 4, 19, 0, 2, 27
196, CIVILIZATION_ARMAGH, 1, 9, 30, 17, 0, 0, 0, 0, 12, 2, 358, 724, 5, 5, 11, 8, 4, 22
196, CIVILIZATION_HATTUSA, 1, 6, 30, 17, 2, 0, 0, 0, 13, 8, 121, 0, 5, 4, 9, 0, 8, 14
196, CIVILIZATION_SINGAPORE, 1, 10, 30, 16, 5, 0, 0, 0, 11, 10, 0, 266, 6, 4, 11, 1, 6, 25
196, CIVILIZATION_BABYLON, 1, 10, 29, 16, 3, 0, 0, 0, 12, 6, 15, 0, 5, 3, 5, 0, 2, 30
196, CIVILIZATION_LA_VENTA, 1, 7, 30, 17, 2, 0, 0, 0, 12, 5, 51, 2371, 6, 4, 10, 46, 3, 17
196, CIVILIZATION_JERUSALEM, 1, 9, 29, 17, 2, 0, 0, 0, 12, 8, 16, 10536, 8, 6, 9, 121, 11, 25
196, CIVILIZATION_FREE_CITIES, 2, 14, 24, 18, 4, 0, 0, 0, 23, 4, 0, 0, 9, 2, 5, 0, 12, 36
196, CIVILIZATION_MAYA, 10, 94, 41, 26, 11, 0, 0, 0, 173, 52, 1106, 1593, 205, 87, 217, 131, 266, 267
196, CIVILIZATION_EGYPT, 10, 68, 35, 25, 11, 0, 0, 1, 176, 43, 1110, 792, 153, 96, 412, 48, 232, 201
197, CIVILIZATION_MAPUCHE, 5, 30, 32, 20, 0, 0, 0, 0, 65, 9, 0, 480, 58, 40, 13, 6, 59, 80
197, CIVILIZATION_SCOTLAND, 8, 34, 29, 19, 6, 0, 0, 0, 106, 18, 36, 216, 58, 42, 21, 43, 94, 82
197, CIVILIZATION_GRAN_COLOMBIA, 10, 61, 30, 21, 1, 0, 0, 0, 134, 29, 32, 463, 88, 56, 64, 73, 143, 165
197, CIVILIZATION_GREECE, 5, 18, 29, 19, 2, 0, 0, 0, 71, 4, 69, 386, 58, 20, 32, 7, 56, 47
197, CIVILIZATION_AMERICA, 7, 34, 28, 19, 4, 0, 0, 3, 92, 22, 116, 327, 59, 35, 48, 11, 92, 96
197, CIVILIZATION_CANADA, 5, 24, 29, 16, 2, 0, 0, 10, 84, 17, 244, 383, 86, 38, 63, 72, 92, 53
197, CIVILIZATION_KONGO, 1, 6, 28, 13, 2, 0, 0, 0, 13, 0, 22, 149, 7, 1, 11, 2, 11, 16
197, CIVILIZATION_INDONESIA, 4, 21, 25, 17, 1, 0, 0, 3, 60, 4, 117, 561, 39, 30, 25, 21, 43, 60
197, CIVILIZATION_CARDIFF, 1, 10, 30, 17, 1, 0, 0, 0, 11, 4, 143, 16, 5, 4, 6, 0, 6, 28
197, CIVILIZATION_KANDY, 1, 9, 27, 17, 4, 0, 0, 2, 13, 2, 0, 6, 5, 5, 9, 0, 3, 26
197, CIVILIZATION_LISBON, 1, 11, 30, 16, 0, 0, 0, 0, 14, 7, 512, 280, 6, 5, 18, 35, 3, 34
197, CIVILIZATION_RAPA_NUI, 1, 9, 30, 16, 5, 0, 0, 0, 13, 7, 389, 16, 6, 4, 19, 0, 2, 27
197, CIVILIZATION_ARMAGH, 1, 9, 30, 17, 0, 0, 0, 0, 12, 2, 367, 732, 5, 5, 11, 8, 4, 22
197, CIVILIZATION_HATTUSA, 1, 6, 30, 18, 2, 0, 0, 0, 13, 8, 122, 0, 5, 4, 9, 0, 8, 14
197, CIVILIZATION_SINGAPORE, 1, 10, 30, 16, 5, 0, 0, 0, 11, 10, 0, 268, 6, 4, 11, 1, 6, 25
197, CIVILIZATION_BABYLON, 1, 11, 30, 16, 3, 0, 0, 0, 12, 6, 11, 0, 6, 3, 6, 0, 2, 30
197, CIVILIZATION_LA_VENTA, 1, 7, 30, 17, 2, 0, 0, 0, 12, 5, 53, 2417, 6, 4, 10, 46, 3, 17
197, CIVILIZATION_JERUSALEM, 1, 9, 30, 17, 3, 0, 0, 0, 12, 8, 0, 10656, 7, 5, 8, 119, 8, 25
197, CIVILIZATION_FREE_CITIES, 2, 14, 25, 18, 3, 0, 0, 0, 23, 4, 0, 0, 5, 1, 3, 0, 7, 36
197, CIVILIZATION_MAYA, 10, 94, 41, 26, 11, 0, 0, 0, 173, 53, 1242, 1725, 208, 87, 217, 131, 267, 266
197, CIVILIZATION_EGYPT, 10, 68, 35, 25, 11, 0, 0, 1, 178, 43, 1466, 840, 153, 96, 427, 48, 232, 201
198, CIVILIZATION_MAPUCHE, 5, 30, 32, 20, 0, 0, 0, 0, 65, 9, 0, 486, 58, 40, 13, 6, 61, 80
198, CIVILIZATION_SCOTLAND, 8, 34, 29, 19, 6, 0, 0, 0, 107, 18, 28, 256, 58, 42, 21, 40, 87, 85
198, CIVILIZATION_GRAN_COLOMBIA, 10, 61, 30, 21, 1, 0, 0, 0, 137, 29, 41, 106, 88, 56, 67, 73, 144, 168
198, CIVILIZATION_GREECE, 5, 18, 29, 19, 2, 0, 0, 0, 71, 4, 56, 394, 57, 20, 31, 7, 55, 47
198, CIVILIZATION_AMERICA, 7, 34, 28, 19, 4, 0, 0, 3, 92, 22, 124, 339, 59, 35, 48, 11, 92, 96
198, CIVILIZATION_CANADA, 5, 24, 29, 16, 2, 0, 0, 9, 84, 17, 235, 126, 86, 38, 63, 72, 92, 53
198, CIVILIZATION_KONGO, 1, 6, 28, 13, 2, 0, 0, 0, 13, 0, 25, 151, 7, 1, 11, 2, 11, 16
198, CIVILIZATION_INDONESIA, 4, 21, 25, 17, 1, 0, 0, 3, 60, 4, 117, 582, 39, 30, 25, 21, 43, 61
198, CIVILIZATION_CARDIFF, 1, 10, 30, 17, 1, 0, 0, 0, 11, 4, 147, 16, 5, 4, 6, 0, 6, 28
198, CIVILIZATION_KANDY, 1, 8, 27, 17, 4, 0, 0, 2, 13, 2, 0, 7, 4, 5, 9, 0, 3, 24
198, CIVILIZATION_LISBON, 1, 11, 30, 16, 0, 0, 0, 0, 14, 7, 530, 315, 6, 5, 18, 35, 3, 34
198, CIVILIZATION_RAPA_NUI, 1, 9, 30, 16, 5, 0, 0, 0, 13, 7, 392, 17, 6, 4, 19, 0, 2, 27
198, CIVILIZATION_ARMAGH, 1, 9, 30, 17, 0, 0, 0, 0, 12, 2, 376, 740, 5, 5, 11, 8, 4, 22
198, CIVILIZATION_HATTUSA, 1, 6, 30, 19, 2, 0, 0, 0, 13, 8, 123, 0, 5, 4, 9, 0, 8, 14
198, CIVILIZATION_SINGAPORE, 1, 10, 30, 16, 5, 0, 0, 0, 11, 10, 0, 270, 6, 4, 11, 1, 6, 25
198, CIVILIZATION_BABYLON, 1, 11, 30, 16, 1, 0, 0, 0, 12, 6, 13, 0, 6, 3, 6, 0, 2, 30
198, CIVILIZATION_LA_VENTA, 1, 7, 30, 17, 2, 0, 0, 0, 12, 5, 55, 2464, 6, 4, 10, 46, 3, 17
198, CIVILIZATION_JERUSALEM, 1, 9, 30, 17, 2, 0, 0, 0, 12, 8, 0, 10776, 7, 5, 8, 119, 8, 25
198, CIVILIZATION_FREE_CITIES, 1, 4, 26, 18, 3, 0, 0, 0, 7, 1, 0, 0, 2, 1, 1, 0, 4, 13
198, CIVILIZATION_MAYA, 11, 102, 41, 27, 11, 0, 0, 0, 190, 53, 1469, 1861, 204, 89, 214, 136, 273, 279
198, CIVILIZATION_EGYPT, 10, 70, 35, 25, 11, 0, 0, 1, 178, 44, 619, 888, 156, 97, 427, 48, 238, 205
199, CIVILIZATION_MAPUCHE, 5, 30, 32, 20, 0, 0, 0, 0, 65, 9, 0, 492, 58, 40, 13, 6, 61, 80
199, CIVILIZATION_SCOTLAND, 9, 35, 29, 19, 7, 0, 0, 0, 114, 18, 15, 305, 60, 42, 19, 48, 101, 84
199, CIVILIZATION_GRAN_COLOMBIA, 10, 61, 30, 21, 1, 0, 0, 0, 137, 29, 47, 180, 90, 56, 67, 73, 149, 171
199, CIVILIZATION_GREECE, 5, 18, 29, 19, 2, 0, 0, 0, 71, 4, 42, 401, 70, 28, 34, 7, 57, 47
199, CIVILIZATION_AMERICA, 7, 34, 28, 19, 4, 0, 0, 3, 92, 22, 132, 351, 58, 35, 47, 11, 94, 96
199, CIVILIZATION_CANADA, 5, 24, 29, 16, 2, 0, 0, 9, 85, 17, 192, 199, 86, 38, 63, 72, 92, 53
199, CIVILIZATION_KONGO, 1, 6, 28, 13, 2, 0, 0, 0, 13, 0, 21, 152, 1, 0, 3, 0, 3, 16
199, CIVILIZATION_INDONESIA, 4, 21, 25, 17, 1, 0, 0, 4, 60, 4, 114, 604, 39, 30, 25, 21, 45, 62
199, CIVILIZATION_CARDIFF, 1, 10, 30, 17, 1, 0, 0, 0, 11, 5, 151, 16, 5, 4, 6, 0, 6, 30
199, CIVILIZATION_KANDY, 1, 9, 27, 17, 4, 0, 0, 2, 13, 2, 0, 7, 5, 5, 9, 0, 3, 25
199, CIVILIZATION_LISBON, 1, 11, 30, 16, 0, 0, 0, 0, 14, 7, 549, 350, 6, 5, 18, 35, 3, 34
199, CIVILIZATION_RAPA_NUI, 1, 9, 30, 16, 5, 0, 0, 0, 13, 7, 395, 18, 6, 4, 19, 0, 2, 27
199, CIVILIZATION_ARMAGH, 1, 10, 30, 17, 0, 0, 0, 0, 12, 2, 386, 748, 5, 5, 11, 8, 4, 23
199, CIVILIZATION_HATTUSA, 1, 6, 30, 20, 2, 0, 0, 0, 13, 9, 124, 0, 5, 4, 9, 0, 10, 13
199, CIVILIZATION_SINGAPORE, 1, 10, 30, 16, 5, 0, 0, 0, 11, 10, 0, 271, 6, 4, 11, 1, 6, 25
199, CIVILIZATION_BABYLON, 1, 11, 30, 16, 1, 0, 0, 0, 12, 6, 15, 0, 6, 3, 6, 0, 2, 30
199, CIVILIZATION_LA_VENTA, 1, 7, 30, 17, 2, 0, 0, 0, 12, 5, 56, 2510, 6, 4, 10, 46, 3, 17
199, CIVILIZATION_JERUSALEM, 1, 9, 30, 17, 2, 0, 0, 0, 12, 8, 0, 10896, 7, 5, 8, 119, 8, 26
199, CIVILIZATION_FREE_CITIES, 1, 4, 27, 18, 4, 0, 0, 0, 7, 1, 0, 0, 2, 1, 1, 0, 4, 13
199, CIVILIZATION_MAYA, 11, 104, 41, 27, 11, 0, 0, 0, 190, 54, 1604, 1999, 215, 90, 226, 137, 305, 282
199, CIVILIZATION_EGYPT, 10, 70, 35, 25, 11, 0, 0, 1, 179, 44, 863, 937, 158, 99, 459, 49, 261, 204
200, CIVILIZATION_MAPUCHE, 5, 31, 32, 20, 0, 0, 0, 0, 65, 9, 0, 499, 58, 40, 13, 6, 61, 82
200, CIVILIZATION_SCOTLAND, 9, 35, 29, 19, 7, 0, 0, 0, 114, 18, 0, 351, 63, 42, 19, 45, 93, 88
200, CIVILIZATION_GRAN_COLOMBIA, 10, 62, 30, 22, 1, 0, 0, 0, 137, 29, 53, 258, 95, 60, 53, 78, 158, 173
200, CIVILIZATION_GREECE, 5, 18, 29, 19, 2, 0, 0, 0, 71, 4, 29, 409, 66, 27, 31, 7, 55, 47
200, CIVILIZATION_AMERICA, 7, 34, 29, 19, 4, 0, 0, 3, 92, 22, 140, 362, 58, 35, 47, 11, 94, 96
200, CIVILIZATION_CANADA, 5, 24, 29, 16, 3, 0, 0, 9, 85, 17, 204, 271, 86, 38, 63, 72, 92, 53
200, CIVILIZATION_KONGO, 1, 6, 28, 13, 2, 0, 0, 0, 13, 0, 16, 152, 1, 0, 3, 0, 3, 16
200, CIVILIZATION_CARDIFF, 1, 10, 30, 17, 1, 0, 0, 0, 11, 5, 155, 16, 5, 4, 6, 0, 6, 30
200, CIVILIZATION_KANDY, 1, 9, 27, 17, 4, 0, 0, 2, 13, 2, 0, 8, 5, 5, 9, 0, 3, 26
200, CIVILIZATION_LISBON, 1, 11, 30, 16, 0, 0, 0, 0, 14, 7, 567, 385, 6, 5, 18, 35, 3, 34
200, CIVILIZATION_RAPA_NUI, 1, 9, 30, 16, 5, 0, 0, 0, 13, 7, 398, 19, 6, 4, 19, 0, 2, 27
200, CIVILIZATION_ARMAGH, 1, 10, 30, 17, 0, 0, 0, 0, 12, 2, 393, 761, 5, 5, 11, 12, 4, 24
200, CIVILIZATION_HATTUSA, 1, 6, 30, 21, 2, 0, 0, 0, 13, 9, 125, 0, 5, 4, 9, 0, 10, 13
200, CIVILIZATION_SINGAPORE, 1, 10, 30, 16, 5, 0, 0, 0, 11, 10, 0, 273, 6, 4, 11, 1, 6, 25
200, CIVILIZATION_BABYLON, 1, 11, 30, 16, 1, 0, 0, 0, 12, 6, 17, 0, 6, 3, 6, 0, 2, 30
200, CIVILIZATION_LA_VENTA, 1, 7, 30, 17, 2, 0, 0, 0, 12, 5, 58, 2557, 6, 4, 10, 46, 3, 17
200, CIVILIZATION_JERUSALEM, 1, 9, 30, 17, 2, 0, 0, 0, 12, 8, 0, 11015, 7, 5, 8, 119, 8, 26
200, CIVILIZATION_FREE_CITIES, 2, 10, 28, 19, 5, 0, 0, 0, 20, 1, 0, 0, 8, 2, 4, 0, 14, 28
200, CIVILIZATION_MAYA, 11, 104, 41, 27, 11, 0, 0, 0, 191, 56, 1738, 2120, 211, 86, 227, 120, 319, 282
200, CIVILIZATION_EGYPT, 10, 71, 35, 25, 11, 0, 0, 1, 179, 44, 1244, 986, 158, 99, 455, 49, 261, 207
201, CIVILIZATION_MAPUCHE, 5, 31, 32, 20, 1, 0, 0, 0, 65, 9, 0, 505, 52, 40, 12, 6, 59, 82
201, CIVILIZATION_SCOTLAND, 9, 35, 29, 19, 6, 0, 0, 0, 115, 18, 0, 396, 59, 39, 17, 44, 93, 84
201, CIVILIZATION_GRAN_COLOMBIA, 10, 63, 30, 22, 2, 0, 0, 0, 137, 28, 44, 336, 96, 60, 57, 78, 162, 172
201, CIVILIZATION_GREECE, 5, 18, 29, 19, 2, 0, 0, 0, 71, 4, 16, 416, 66, 27, 31, 7, 54, 47
201, CIVILIZATION_AMERICA, 7, 34, 29, 19, 4, 0, 0, 3, 92, 22, 147, 374, 58, 35, 47, 11, 94, 96
201, CIVILIZATION_CANADA, 5, 24, 29, 16, 3, 0, 0, 9, 85, 17, 217, 344, 86, 38, 63, 72, 92, 53
201, CIVILIZATION_INDONESIA, 4, 21, 25, 17, 1, 0, 0, 4, 60, 4, 110, 626, 39, 30, 25, 21, 48, 64
201, CIVILIZATION_CARDIFF, 1, 10, 30, 17, 1, 0, 0, 0, 11, 5, 159, 16, 5, 4, 6, 0, 6, 30
201, CIVILIZATION_KANDY, 1, 9, 27, 17, 4, 0, 0, 2, 13, 2, 0, 9, 5, 5, 9, 0, 3, 26
201, CIVILIZATION_LISBON, 1, 11, 30, 16, 0, 0, 0, 0, 14, 7, 585, 420, 6, 5, 18, 35, 3, 34
201, CIVILIZATION_RAPA_NUI, 1, 9, 30, 16, 5, 0, 0, 0, 13, 7, 402, 20, 6, 4, 19, 0, 2, 27
201, CIVILIZATION_ARMAGH, 1, 10, 30, 17, 0, 0, 0, 0, 12, 3, 400, 773, 5, 5, 11, 12, 4, 25
201, CIVILIZATION_HATTUSA, 1, 6, 30, 21, 2, 0, 0, 0, 13, 9, 126, 0, 5, 4, 9, 0, 10, 13
201, CIVILIZATION_SINGAPORE, 1, 10, 30, 16, 5, 0, 0, 0, 11, 10, 0, 274, 6, 4, 11, 1, 6, 25
201, CIVILIZATION_BABYLON, 1, 11, 30, 16, 1, 0, 0, 0, 12, 6, 19, 0, 6, 3, 6, 0, 2, 30
201, CIVILIZATION_LA_VENTA, 1, 7, 30, 17, 2, 0, 0, 0, 12, 5, 60, 2604, 6, 4, 10, 46, 3, 17
201, CIVILIZATION_JERUSALEM, 1, 9, 30, 17, 2, 0, 0, 0, 12, 8, 0, 11135, 7, 5, 8, 119, 8, 26
201, CIVILIZATION_FREE_CITIES, 2, 10, 29, 20, 4, 0, 0, 0, 20, 1, 0, 0, 8, 2, 4, 0, 14, 28
201, CIVILIZATION_MAYA, 11, 104, 41, 27, 11, 0, 0, 0, 191, 57, 1875, 2240, 215, 87, 229, 120, 324, 282
201, CIVILIZATION_EGYPT, 10, 72, 36, 25, 11, 0, 0, 1, 179, 44, 1628, 1035, 157, 99, 464, 49, 270, 209
202, CIVILIZATION_MAPUCHE, 5, 31, 32, 21, 1, 0, 0, 0, 65, 9, 0, 511, 51, 43, 12, 6, 61, 82
202, CIVILIZATION_SCOTLAND, 9, 35, 29, 19, 5, 0, 0, 0, 115, 18, 0, 438, 58, 39, 17, 41, 85, 88
202, CIVILIZATION_GRAN_COLOMBIA, 10, 63, 30, 22, 2, 0, 0, 0, 138, 28, 35, 414, 96, 60, 57, 78, 162, 172
202, CIVILIZATION_GREECE, 5, 18, 29, 19, 2, 0, 0, 0, 71, 4, 2, 424, 66, 27, 31, 7, 53, 47
202, CIVILIZATION_AMERICA, 7, 34, 29, 19, 4, 0, 0, 3, 92, 22, 160, 386, 56, 34, 47, 11, 90, 96
202, CIVILIZATION_CANADA, 6, 25, 29, 16, 3, 0, 0, 9, 93, 18, 229, 77, 87, 38, 63, 72, 94, 57
202, CIVILIZATION_INDONESIA, 3, 18, 26, 17, 0, 0, 0, 5, 51, 4, 122, 167, 37, 29, 41, 21, 37, 54
202, CIVILIZATION_CARDIFF, 1, 10, 30, 17, 1, 0, 0, 0, 11, 5, 162, 16, 5, 4, 6, 0, 6, 30
202, CIVILIZATION_KANDY, 1, 9, 27, 17, 4, 0, 0, 2, 13, 2, 0, 10, 5, 5, 9, 0, 3, 26
202, CIVILIZATION_LISBON, 1, 11, 30, 16, 0, 0, 0, 0, 14, 7, 604, 455, 6, 5, 18, 35, 3, 34
202, CIVILIZATION_RAPA_NUI, 1, 9, 30, 16, 5, 0, 0, 0, 13, 7, 405, 20, 6, 4, 19, 0, 2, 27
202, CIVILIZATION_ARMAGH, 1, 10, 30, 17, 0, 0, 0, 0, 12, 3, 407, 786, 5, 5, 11, 12, 4, 25
202, CIVILIZATION_HATTUSA, 1, 6, 30, 21, 2, 0, 0, 0, 13, 9, 127, 0, 5, 4, 9, 0, 10, 13
202, CIVILIZATION_SINGAPORE, 1, 10, 30, 16, 5, 0, 0, 0, 11, 10, 0, 276, 6, 4, 11, 1, 6, 25
202, CIVILIZATION_BABYLON, 1, 11, 30, 16, 1, 0, 0, 0, 12, 6, 21, 0, 6, 3, 6, 0, 2, 30
202, CIVILIZATION_LA_VENTA, 1, 7, 30, 17, 2, 0, 0, 0, 12, 5, 62, 2650, 6, 4, 10, 46, 3, 17
202, CIVILIZATION_JERUSALEM, 1, 9, 30, 17, 2, 0, 0, 0, 12, 8, 0, 11255, 7, 5, 8, 119, 8, 26
202, CIVILIZATION_FREE_CITIES, 2, 10, 30, 20, 4, 0, 0, 0, 20, 1, 0, 0, 9, 2, 5, 0, 14, 28
202, CIVILIZATION_MAYA, 11, 105, 41, 27, 11, 0, 0, 0, 191, 57, 2003, 2361, 220, 87, 223, 120, 324, 284
202, CIVILIZATION_EGYPT, 10, 72, 36, 26, 11, 0, 0, 1, 180, 44, 2212, 1084, 157, 99, 464, 49, 270, 209
203, CIVILIZATION_MAPUCHE, 5, 32, 32, 21, 1, 0, 0, 0, 66, 9, 0, 518, 49, 44, 12, 6, 65, 85
203, CIVILIZATION_SCOTLAND, 9, 36, 29, 19, 4, 0, 0, 0, 115, 19, 201, 486, 65, 43, 25, 48, 105, 94
203, CIVILIZATION_GRAN_COLOMBIA, 10, 64, 30, 22, 2, 0, 0, 0, 138, 28, 25, 490, 96, 60, 57, 78, 163, 174
203, CIVILIZATION_GREECE, 5, 19, 29, 19, 2, 0, 0, 0, 71, 4, 6, 427, 74, 28, 39, 3, 55, 49
203, CIVILIZATION_AMERICA, 7, 34, 29, 19, 4, 0, 0, 3, 93, 22, 174, 398, 56, 34, 47, 11, 90, 96
203, CIVILIZATION_CANADA, 6, 25, 29, 16, 3, 0, 0, 9, 93, 18, 240, 147, 82, 36, 62, 70, 90, 60
203, CIVILIZATION_INDONESIA, 3, 18, 26, 18, 0, 0, 0, 5, 51, 4, 133, 189, 38, 31, 54, 21, 37, 54
203, CIVILIZATION_CARDIFF, 1, 10, 30, 17, 1, 0, 0, 0, 11, 5, 166, 16, 5, 4, 6, 0, 6, 30
203, CIVILIZATION_KANDY, 1, 9, 27, 17, 4, 0, 0, 2, 13, 2, 0, 11, 5, 5, 9, 0, 3, 26
203, CIVILIZATION_LISBON, 1, 11, 30, 16, 0, 0, 0, 0, 14, 7, 622, 490, 6, 5, 18, 35, 3, 34
203, CIVILIZATION_RAPA_NUI, 1, 9, 30, 16, 5, 0, 0, 0, 13, 7, 408, 21, 6, 4, 19, 0, 2, 27
203, CIVILIZATION_ARMAGH, 1, 10, 30, 17, 0, 0, 0, 0, 12, 3, 154, 799, 5, 5, 11, 12, 4, 26
203, CIVILIZATION_HATTUSA, 1, 6, 30, 21, 2, 0, 0, 0, 13, 9, 128, 0, 5, 4, 9, 0, 10, 13
203, CIVILIZATION_SINGAPORE, 1, 10, 30, 16, 5, 0, 0, 0, 11, 10, 0, 278, 6, 4, 11, 1, 6, 25
203, CIVILIZATION_BABYLON, 1, 11, 30, 16, 1, 0, 0, 0, 12, 6, 23, 0, 6, 3, 6, 0, 2, 30
203, CIVILIZATION_LA_VENTA, 1, 7, 30, 17, 2, 0, 0, 0, 12, 5, 64, 2697, 6, 4, 10, 46, 3, 17
203, CIVILIZATION_JERUSALEM, 1, 9, 30, 17, 2, 0, 0, 0, 12, 8, 0, 11375, 7, 5, 8, 119, 8, 26
203, CIVILIZATION_FREE_CITIES, 2, 10, 30, 20, 4, 0, 0, 0, 20, 1, 0, 0, 7, 2, 4, 0, 11, 28
203, CIVILIZATION_MAYA, 11, 107, 42, 27, 11, 0, 0, 0, 192, 58, 2130, 2490, 224, 89, 223, 130, 331, 287
203, CIVILIZATION_EGYPT, 10, 72, 36, 26, 11, 0, 0, 1, 182, 44, 1345, 1133, 157, 100, 464, 49, 270, 209
204, CIVILIZATION_MAPUCHE, 5, 32, 32, 21, 1, 0, 0, 0, 66, 9, 0, 524, 49, 44, 12, 6, 65, 85
204, CIVILIZATION_SCOTLAND, 9, 36, 30, 19, 3, 0, 0, 0, 115, 19, 216, 531, 64, 43, 26, 45, 96, 98
204, CIVILIZATION_GRAN_COLOMBIA, 10, 65, 31, 22, 2, 0, 0, 0, 138, 28, 15, 108, 95, 59, 55, 76, 165, 180
204, CIVILIZATION_GREECE, 5, 19, 29, 19, 2, 0, 0, 0, 71, 4, 32, 430, 74, 28, 39, 3, 55, 49
204, CIVILIZATION_AMERICA, 7, 34, 29, 19, 4, 0, 0, 3, 93, 22, 175, 409, 63, 35, 48, 11, 94, 96
204, CIVILIZATION_CANADA, 6, 26, 30, 16, 2, 0, 0, 9, 93, 18, 279, 216, 82, 36, 61, 69, 90, 61
204, CIVILIZATION_INDONESIA, 3, 18, 26, 18, 0, 0, 0, 5, 51, 4, 151, 210, 38, 31, 54, 21, 37, 54
204, CIVILIZATION_CARDIFF, 1, 10, 30, 17, 1, 0, 0, 0, 11, 5, 170, 16, 5, 4, 6, 0, 6, 30
204, CIVILIZATION_KANDY, 1, 9, 27, 17, 4, 0, 0, 2, 13, 2, 0, 11, 5, 5, 9, 0, 3, 27
204, CIVILIZATION_LISBON, 1, 11, 30, 16, 0, 0, 0, 0, 14, 7, 641, 525, 6, 5, 18, 35, 3, 34
204, CIVILIZATION_RAPA_NUI, 1, 9, 30, 16, 5, 0, 0, 0, 13, 7, 411, 22, 6, 4, 19, 0, 2, 27
204, CIVILIZATION_ARMAGH, 1, 10, 30, 17, 0, 0, 0, 0, 12, 4, 162, 812, 5, 5, 11, 12, 4, 27
204, CIVILIZATION_HATTUSA, 1, 6, 30, 21, 2, 0, 0, 0, 13, 9, 129, 0, 5, 4, 9, 0, 10, 13
204, CIVILIZATION_SINGAPORE, 1, 10, 30, 16, 5, 0, 0, 0, 11, 10, 0, 279, 6, 4, 11, 1, 6, 25
204, CIVILIZATION_BABYLON, 1, 11, 30, 16, 1, 0, 0, 0, 12, 6, 25, 0, 6, 3, 6, 0, 2, 30
204, CIVILIZATION_LA_VENTA, 1, 7, 30, 17, 2, 0, 0, 0, 12, 5, 65, 2743, 6, 4, 10, 46, 3, 17
204, CIVILIZATION_JERUSALEM, 1, 9, 30, 17, 3, 0, 0, 0, 12, 8, 0, 11495, 7, 5, 8, 119, 8, 26
204, CIVILIZATION_FREE_CITIES, 2, 10, 30, 20, 4, 0, 0, 0, 20, 1, 0, 0, 6, 1, 3, 0, 11, 28
204, CIVILIZATION_MAYA, 11, 107, 42, 27, 11, 0, 0, 0, 194, 60, 2027, 2620, 228, 97, 223, 147, 334, 288
204, CIVILIZATION_EGYPT, 10, 73, 36, 26, 11, 0, 0, 1, 185, 44, 1937, 1182, 157, 101, 483, 49, 271, 211
205, CIVILIZATION_MAPUCHE, 5, 32, 32, 21, 1, 0, 0, 0, 66, 9, 0, 531, 49, 44, 12, 6, 65, 85
205, CIVILIZATION_SCOTLAND, 9, 36, 30, 20, 3, 0, 0, 0, 115, 19, 172, 580, 65, 43, 26, 48, 96, 95
205, CIVILIZATION_GRAN_COLOMBIA, 10, 65, 31, 22, 1, 0, 0, 0, 138, 28, 14, 184, 95, 59, 54, 76, 167, 180
205, CIVILIZATION_GREECE, 5, 19, 29, 19, 2, 0, 0, 0, 71, 4, 87, 483, 74, 28, 39, 3, 55, 49
205, CIVILIZATION_AMERICA, 7, 34, 29, 19, 4, 0, 0, 3, 93, 22, 176, 421, 63, 35, 48, 11, 94, 96
205, CIVILIZATION_CANADA, 6, 26, 30, 16, 2, 0, 0, 8, 93, 18, 295, 285, 82, 36, 61, 69, 90, 61
205, CIVILIZATION_INDONESIA, 3, 18, 26, 18, 0, 0, 0, 5, 51, 4, 179, 232, 38, 30, 53, 21, 36, 54
205, CIVILIZATION_CARDIFF, 1, 10, 30, 17, 1, 0, 0, 0, 11, 5, 174, 16, 5, 4, 6, 0, 6, 30
205, CIVILIZATION_KANDY, 1, 9, 27, 17, 4, 0, 0, 2, 13, 2, 0, 12, 5, 5, 9, 0, 3, 27
205, CIVILIZATION_LISBON, 1, 11, 30, 16, 0, 0, 0, 0, 14, 7, 659, 560, 6, 5, 18, 35, 3, 34
205, CIVILIZATION_RAPA_NUI, 1, 9, 30, 17, 5, 0, 0, 0, 13, 7, 414, 23, 6, 4, 19, 0, 2, 27
205, CIVILIZATION_ARMAGH, 1, 10, 30, 17, 0, 0, 0, 0, 12, 4, 169, 825, 5, 5, 11, 12, 4, 27
205, CIVILIZATION_HATTUSA, 1, 6, 30, 21, 3, 0, 0, 0, 13, 9, 126, 0, 5, 4, 9, 0, 10, 13
205, CIVILIZATION_SINGAPORE, 1, 10, 30, 16, 5, 0, 0, 0, 11, 10, 0, 281, 6, 4, 11, 1, 6, 25
205, CIVILIZATION_BABYLON, 1, 11, 30, 16, 1, 0, 0, 0, 12, 6, 27, 0, 6, 3, 6, 0, 2, 30
205, CIVILIZATION_LA_VENTA, 1, 7, 30, 17, 2, 0, 0, 0, 13, 5, 67, 2790, 6, 4, 10, 46, 3, 18
205, CIVILIZATION_JERUSALEM, 1, 9, 30, 17, 3, 0, 0, 0, 12, 8, 0, 11614, 7, 5, 8, 119, 8, 26
205, CIVILIZATION_FREE_CITIES, 1, 4, 30, 20, 4, 0, 0, 0, 7, 1, 0, 0, 2, 1, 1, 0, 4, 13
205, CIVILIZATION_MAYA, 12, 111, 42, 28, 11, 0, 0, 0, 207, 60, 2154, 2768, 230, 104, 229, 148, 344, 298
205, CIVILIZATION_EGYPT, 10, 73, 36, 26, 11, 0, 0, 1, 186, 44, 2106, 1231, 157, 101, 465, 49, 276, 213
206, CIVILIZATION_MAPUCHE, 5, 32, 32, 21, 1, 0, 0, 0, 66, 9, 0, 537, 49, 44, 12, 6, 65, 85
206, CIVILIZATION_SCOTLAND, 9, 36, 30, 20, 3, 0, 0, 0, 116, 19, 178, 625, 64, 43, 26, 45, 87, 100
206, CIVILIZATION_GRAN_COLOMBIA, 10, 65, 31, 22, 1, 0, 0, 0, 138, 27, 11, 264, 95, 62, 54, 80, 170, 179
206, CIVILIZATION_GREECE, 5, 20, 30, 19, 2, 0, 0, 0, 71, 4, 92, 486, 74, 28, 39, 3, 58, 50
206, CIVILIZATION_AMERICA, 7, 35, 30, 19, 4, 0, 0, 3, 93, 22, 177, 433, 61, 33, 48, 11, 97, 99
206, CIVILIZATION_CANADA, 6, 26, 30, 16, 2, 0, 0, 8, 93, 19, 308, 354, 81, 36, 57, 69, 88, 64
206, CIVILIZATION_INDONESIA, 3, 18, 26, 19, 0, 0, 0, 5, 51, 4, 208, 253, 37, 29, 40, 21, 36, 54
206, CIVILIZATION_CARDIFF, 1, 10, 30, 17, 1, 0, 0, 0, 11, 5, 175, 16, 5, 4, 4, 0, 6, 30
206, CIVILIZATION_KANDY, 1, 9, 27, 17, 4, 0, 0, 2, 13, 2, 0, 13, 5, 5, 9, 0, 3, 27
206, CIVILIZATION_LISBON, 1, 11, 30, 16, 0, 0, 0, 0, 14, 7, 678, 595, 6, 5, 18, 35, 3, 34
206, CIVILIZATION_RAPA_NUI, 1, 10, 30, 18, 5, 0, 0, 0, 13, 7, 419, 24, 6, 4, 20, 0, 2, 28
206, CIVILIZATION_ARMAGH, 1, 10, 30, 17, 0, 0, 0, 0, 12, 5, 176, 839, 5, 5, 11, 14, 4, 27
206, CIVILIZATION_HATTUSA, 1, 6, 30, 21, 3, 0, 0, 0, 13, 9, 123, 0, 5, 4, 9, 0, 10, 13
206, CIVILIZATION_SINGAPORE, 1, 10, 30, 16, 5, 0, 0, 0, 11, 10, 0, 283, 6, 4, 11, 1, 6, 25
206, CIVILIZATION_BABYLON, 1, 11, 30, 16, 1, 0, 0, 0, 12, 6, 29, 0, 6, 3, 6, 0, 2, 30
206, CIVILIZATION_LA_VENTA, 1, 7, 30, 17, 2, 0, 0, 0, 13, 5, 69, 2837, 6, 4, 10, 46, 3, 18
206, CIVILIZATION_JERUSALEM, 1, 9, 30, 17, 3, 0, 0, 0, 12, 8, 0, 11734, 7, 5, 8, 119, 8, 26
206, CIVILIZATION_FREE_CITIES, 1, 4, 30, 20, 4, 0, 0, 0, 7, 1, 0, 0, 2, 1, 1, 0, 4, 13
206, CIVILIZATION_MAYA, 12, 111, 42, 28, 11, 0, 0, 0, 209, 61, 2297, 2916, 225, 105, 247, 148, 408, 299
206, CIVILIZATION_EGYPT, 10, 73, 37, 26, 11, 0, 0, 1, 186, 45, 2018, 1280, 157, 101, 465, 49, 277, 213
207, CIVILIZATION_MAPUCHE, 5, 32, 32, 21, 1, 0, 0, 0, 66, 9, 0, 544, 49, 44, 12, 10, 65, 85
207, CIVILIZATION_SCOTLAND, 9, 37, 30, 20, 3, 0, 0, 0, 116, 19, 182, 673, 70, 43, 26, 48, 96, 99
207, CIVILIZATION_GRAN_COLOMBIA, 10, 65, 31, 22, 1, 0, 0, 0, 138, 27, 8, 114, 95, 62, 54, 80, 171, 179
207, CIVILIZATION_GREECE, 5, 20, 30, 20, 2, 0, 0, 0, 71, 4, 97, 490, 74, 28, 57, 3, 58, 50
207, CIVILIZATION_AMERICA, 7, 35, 30, 19, 4, 0, 0, 3, 93, 22, 178, 445, 61, 33, 48, 11, 94, 96
207, CIVILIZATION_CANADA, 6, 26, 30, 16, 2, 0, 0, 8, 95, 20, 321, 76, 81, 37, 58, 71, 92, 65
207, CIVILIZATION_INDONESIA, 3, 19, 26, 19, 0, 0, 0, 5, 51, 4, 224, 274, 37, 29, 40, 21, 39, 57
207, CIVILIZATION_CARDIFF, 1, 10, 30, 17, 1, 0, 0, 0, 11, 5, 177, 16, 5, 4, 4, 0, 6, 30
207, CIVILIZATION_KANDY, 1, 9, 27, 17, 4, 0, 0, 2, 13, 2, 0, 14, 5, 5, 9, 0, 3, 27
207, CIVILIZATION_LISBON, 1, 12, 30, 17, 0, 0, 0, 0, 14, 7, 699, 630, 7, 5, 21, 35, 3, 34
207, CIVILIZATION_RAPA_NUI, 1, 10, 30, 19, 5, 0, 0, 0, 13, 7, 424, 24, 6, 4, 20, 0, 2, 28
207, CIVILIZATION_ARMAGH, 1, 10, 30, 17, 0, 0, 0, 0, 12, 6, 183, 853, 5, 5, 11, 14, 5, 27
207, CIVILIZATION_HATTUSA, 1, 6, 30, 21, 3, 0, 0, 0, 13, 9, 120, 0, 5, 4, 9, 0, 10, 13
207, CIVILIZATION_SINGAPORE, 1, 10, 30, 16, 5, 0, 0, 0, 11, 10, 0, 284, 6, 4, 11, 1, 6, 25
207, CIVILIZATION_BABYLON, 1, 11, 30, 16, 1, 0, 0, 0, 12, 6, 31, 0, 6, 3, 6, 0, 2, 30
207, CIVILIZATION_LA_VENTA, 1, 7, 30, 17, 2, 0, 0, 0, 13, 5, 71, 2883, 6, 4, 10, 46, 3, 18
207, CIVILIZATION_JERUSALEM, 1, 9, 30, 17, 3, 0, 0, 0, 12, 8, 0, 11854, 7, 5, 8, 119, 8, 26
207, CIVILIZATION_FREE_CITIES, 1, 4, 30, 20, 4, 0, 0, 0, 7, 1, 0, 0, 2, 1, 1, 0, 4, 13
207, CIVILIZATION_MAYA, 12, 110, 43, 28, 11, 0, 0, 0, 209, 63, 2456, 3064, 226, 105, 260, 147, 398, 304
207, CIVILIZATION_EGYPT, 10, 74, 37, 27, 11, 0, 0, 1, 187, 45, 2401, 1329, 158, 101, 465, 49, 280, 216
208, CIVILIZATION_MAPUCHE, 5, 32, 32, 21, 1, 0, 0, 0, 66, 9, 0, 230, 50, 44, 12, 6, 65, 85
208, CIVILIZATION_SCOTLAND, 9, 37, 30, 20, 4, 0, 0, 0, 116, 19, 181, 720, 72, 43, 26, 47, 89, 101
208, CIVILIZATION_GRAN_COLOMBIA, 9, 54, 31, 22, 1, 0, 0, 0, 116, 22, 57, 184, 86, 55, 51, 70, 146, 147
208, CIVILIZATION_GREECE, 5, 20, 30, 20, 2, 0, 0, 0, 72, 4, 120, 493, 74, 28, 57, 3, 58, 50
208, CIVILIZATION_AMERICA, 8, 44, 30, 19, 4, 0, 0, 3, 116, 27, 0, 458, 59, 32, 47, 13, 98, 124
208, CIVILIZATION_CANADA, 6, 26, 30, 17, 1, 0, 0, 8, 95, 20, 330, 148, 75, 38, 63, 72, 93, 65
208, CIVILIZATION_INDONESIA, 3, 19, 26, 19, 0, 0, 0, 5, 51, 4, 232, 296, 38, 30, 41, 21, 39, 57
208, CIVILIZATION_CARDIFF, 1, 10, 30, 17, 1, 0, 0, 0, 11, 5, 178, 16, 5, 4, 4, 0, 6, 30
208, CIVILIZATION_KANDY, 1, 9, 27, 17, 4, 0, 0, 2, 13, 2, 0, 15, 5, 5, 9, 0, 3, 27
208, CIVILIZATION_LISBON, 1, 12, 30, 18, 0, 0, 0, 0, 14, 7, 721, 665, 7, 5, 21, 35, 3, 34
208, CIVILIZATION_RAPA_NUI, 1, 10, 30, 20, 5, 0, 0, 0, 13, 7, 429, 25, 6, 4, 20, 0, 2, 28
208, CIVILIZATION_ARMAGH, 1, 10, 30, 17, 0, 0, 0, 0, 12, 6, 190, 868, 5, 5, 11, 14, 5, 27
208, CIVILIZATION_HATTUSA, 1, 6, 30, 21, 3, 0, 0, 0, 13, 9, 117, 0, 5, 4, 9, 0, 10, 13
208, CIVILIZATION_SINGAPORE, 1, 10, 30, 16, 5, 0, 0, 0, 11, 10, 0, 286, 6, 4, 11, 1, 6, 25
208, CIVILIZATION_BABYLON, 1, 11, 30, 16, 1, 0, 0, 0, 12, 6, 33, 0, 6, 3, 6, 0, 2, 30
208, CIVILIZATION_LA_VENTA, 1, 7, 30, 17, 2, 0, 0, 0, 13, 5, 73, 2930, 6, 4, 10, 46, 3, 18
208, CIVILIZATION_JERUSALEM, 1, 9, 30, 17, 3, 0, 0, 0, 12, 8, 0, 11974, 7, 5, 8, 119, 8, 26
208, CIVILIZATION_FREE_CITIES, 1, 4, 30, 20, 4, 0, 0, 0, 7, 1, 0, 0, 2, 1, 1, 0, 4, 13
208, CIVILIZATION_MAYA, 12, 108, 43, 28, 11, 0, 0, 0, 210, 62, 1789, 3200, 179, 100, 246, 135, 366, 300
208, CIVILIZATION_EGYPT, 10, 76, 37, 27, 11, 0, 0, 1, 188, 46, 2991, 1378, 159, 104, 497, 49, 290, 220
209, CIVILIZATION_MAPUCHE, 5, 33, 32, 21, 0, 0, 0, 0, 66, 9, 0, 238, 50, 45, 12, 7, 65, 86
209, CIVILIZATION_SCOTLAND, 9, 37, 30, 20, 4, 0, 0, 0, 116, 19, 180, 769, 73, 43, 26, 48, 96, 99
209, CIVILIZATION_GRAN_COLOMBIA, 9, 54, 32, 22, 0, 0, 0, 0, 117, 22, 69, 255, 86, 55, 51, 70, 148, 147
209, CIVILIZATION_GREECE, 5, 20, 30, 20, 2, 0, 0, 0, 72, 4, 143, 496, 74, 28, 59, 3, 58, 50
209, CIVILIZATION_AMERICA, 8, 44, 30, 19, 4, 0, 0, 3, 117, 27, 0, 473, 62, 33, 48, 15, 100, 125
209, CIVILIZATION_CANADA, 6, 26, 30, 18, 0, 0, 0, 7, 96, 20, 348, 221, 75, 38, 63, 72, 93, 65
209, CIVILIZATION_INDONESIA, 3, 19, 26, 19, 0, 0, 0, 5, 51, 5, 279, 317, 38, 30, 41, 21, 39, 57
209, CIVILIZATION_CARDIFF, 1, 10, 30, 17, 1, 0, 0, 0, 11, 5, 179, 16, 5, 4, 4, 0, 6, 30
209, CIVILIZATION_KANDY, 1, 9, 27, 17, 4, 0, 0, 2, 13, 2, 0, 15, 5, 5, 9, 0, 3, 27
209, CIVILIZATION_LISBON, 1, 12, 30, 19, 0, 0, 0, 0, 14, 7, 742, 700, 7, 5, 21, 35, 3, 34
209, CIVILIZATION_RAPA_NUI, 1, 10, 30, 21, 5, 0, 0, 0, 13, 7, 434, 26, 6, 4, 20, 0, 2, 28
209, CIVILIZATION_ARMAGH, 1, 10, 30, 17, 0, 0, 0, 0, 12, 6, 198, 882, 5, 5, 11, 14, 5, 27
209, CIVILIZATION_HATTUSA, 1, 6, 30, 21, 3, 0, 0, 0, 14, 9, 114, 0, 5, 4, 9, 0, 9, 13
209, CIVILIZATION_SINGAPORE, 1, 10, 30, 16, 5, 0, 0, 0, 11, 10, 0, 287, 6, 4, 11, 1, 6, 25
209, CIVILIZATION_BABYLON, 1, 11, 30, 16, 1, 0, 0, 0, 12, 6, 35, 0, 6, 3, 6, 0, 2, 30
209, CIVILIZATION_LA_VENTA, 1, 7, 30, 17, 2, 0, 0, 0, 13, 5, 74, 2976, 6, 4, 10, 46, 3, 18
209, CIVILIZATION_JERUSALEM, 1, 9, 30, 17, 3, 0, 0, 0, 12, 8, 0, 12094, 7, 5, 8, 119, 8, 26
209, CIVILIZATION_FREE_CITIES, 1, 4, 30, 20, 4, 0, 0, 0, 7, 1, 0, 0, 2, 0, 1, 0, 4, 13
209, CIVILIZATION_MAYA, 12, 107, 43, 28, 11, 0, 0, 0, 212, 58, 1947, 3335, 176, 96, 246, 135, 309, 300
209, CIVILIZATION_EGYPT, 10, 76, 37, 27, 11, 0, 0, 1, 188, 46, 3392, 1427, 159, 104, 488, 49, 290, 220
210, CIVILIZATION_MAPUCHE, 5, 33, 32, 21, 0, 0, 0, 0, 66, 9, 0, 250, 50, 45, 12, 11, 65, 86
210, CIVILIZATION_SCOTLAND, 9, 38, 30, 20, 4, 0, 0, 0, 116, 19, 178, 816, 76, 45, 26, 47, 89, 101
210, CIVILIZATION_GRAN_COLOMBIA, 9, 56, 32, 22, 1, 0, 0, 0, 119, 22, 82, 325, 85, 56, 55, 70, 149, 151
210, CIVILIZATION_GREECE, 5, 19, 30, 20, 3, 0, 0, 0, 72, 4, 164, 499, 74, 28, 59, 3, 57, 49
210, CIVILIZATION_AMERICA, 8, 45, 31, 19, 3, 0, 0, 3, 117, 27, 0, 491, 63, 35, 49, 17, 113, 128
210, CIVILIZATION_CANADA, 6, 26, 30, 19, 0, 0, 0, 7, 97, 20, 166, 298, 76, 39, 64, 77, 93, 65
210, CIVILIZATION_INDONESIA, 3, 19, 27, 19, 0, 0, 0, 5, 51, 5, 287, 339, 38, 30, 41, 21, 37, 59
210, CIVILIZATION_CARDIFF, 1, 10, 30, 17, 1, 0, 0, 0, 12, 5, 180, 16, 5, 4, 4, 0, 7, 32
210, CIVILIZATION_KANDY, 1, 9, 27, 17, 4, 0, 0, 2, 13, 2, 0, 16, 5, 5, 9, 0, 3, 27
210, CIVILIZATION_LISBON, 1, 12, 30, 20, 0, 0, 0, 0, 14, 7, 764, 735, 7, 5, 21, 35, 3, 34
210, CIVILIZATION_RAPA_NUI, 1, 10, 30, 21, 5, 0, 0, 0, 13, 7, 438, 27, 6, 4, 20, 0, 2, 28
210, CIVILIZATION_ARMAGH, 1, 10, 30, 17, 0, 0, 0, 0, 12, 6, 205, 897, 5, 5, 11, 14, 5, 27
210, CIVILIZATION_HATTUSA, 1, 6, 30, 21, 3, 0, 0, 0, 14, 9, 111, 0, 5, 4, 9, 0, 9, 13
210, CIVILIZATION_SINGAPORE, 1, 10, 30, 16, 5, 0, 0, 0, 11, 10, 0, 289, 6, 4, 11, 1, 6, 25
210, CIVILIZATION_BABYLON, 1, 11, 30, 16, 1, 0, 0, 0, 12, 6, 37, 0, 6, 3, 6, 0, 2, 30
210, CIVILIZATION_LA_VENTA, 1, 8, 30, 17, 2, 0, 0, 0, 13, 5, 76, 3023, 7, 4, 10, 46, 3, 20
210, CIVILIZATION_JERUSALEM, 1, 9, 30, 17, 3, 0, 0, 0, 12, 8, 0, 12213, 7, 5, 8, 119, 8, 26
210, CIVILIZATION_FREE_CITIES, 1, 4, 30, 20, 4, 0, 0, 0, 7, 1, 0, 0, 2, 1, 1, 0, 4, 13
210, CIVILIZATION_MAYA, 12, 108, 43, 28, 11, 0, 0, 0, 214, 58, 2263, 3470, 183, 94, 263, 135, 321, 305
210, CIVILIZATION_EGYPT, 10, 76, 37, 27, 11, 0, 0, 1, 193, 45, 2740, 1476, 159, 104, 495, 49, 293, 215
211, CIVILIZATION_MAPUCHE, 5, 33, 33, 21, 0, 0, 0, 0, 66, 9, 0, 262, 50, 45, 12, 11, 65, 86
211, CIVILIZATION_SCOTLAND, 9, 38, 30, 20, 4, 0, 0, 0, 116, 19, 176, 865, 77, 45, 26, 48, 96, 99
211, CIVILIZATION_GRAN_COLOMBIA, 9, 56, 32, 22, 1, 0, 0, 0, 119, 22, 148, 395, 85, 56, 55, 70, 149, 151
211, CIVILIZATION_GREECE, 5, 19, 30, 20, 3, 0, 0, 0, 72, 5, 185, 502, 74, 28, 59, 3, 59, 49
211, CIVILIZATION_AMERICA, 8, 45, 31, 19, 2, 0, 0, 3, 117, 27, 6, 508, 67, 35, 49, 21, 111, 126
211, CIVILIZATION_CANADA, 6, 27, 30, 19, 0, 0, 0, 7, 98, 20, 168, 376, 82, 40, 64, 77, 94, 67
211, CIVILIZATION_INDONESIA, 3, 19, 27, 19, 0, 0, 0, 6, 51, 5, 291, 360, 38, 30, 41, 21, 37, 59
211, CIVILIZATION_CARDIFF, 1, 10, 30, 17, 1, 0, 0, 0, 12, 5, 181, 16, 5, 4, 4, 0, 7, 32
211, CIVILIZATION_KANDY, 1, 9, 28, 17, 4, 0, 0, 2, 13, 2, 0, 17, 5, 5, 9, 0, 3, 27
211, CIVILIZATION_LISBON, 1, 12, 30, 21, 0, 0, 0, 0, 14, 7, 786, 770, 7, 5, 21, 35, 3, 34
211, CIVILIZATION_RAPA_NUI, 1, 10, 31, 21, 5, 0, 0, 0, 13, 7, 443, 28, 6, 4, 20, 0, 2, 28
211, CIVILIZATION_ARMAGH, 1, 10, 30, 17, 0, 0, 0, 0, 12, 6, 212, 911, 5, 5, 11, 14, 5, 27
211, CIVILIZATION_HATTUSA, 1, 6, 30, 21, 3, 0, 0, 0, 14, 9, 108, 0, 5, 4, 9, 0, 9, 13
211, CIVILIZATION_SINGAPORE, 1, 10, 30, 16, 5, 0, 0, 0, 11, 10, 0, 291, 6, 4, 11, 1, 6, 25
211, CIVILIZATION_BABYLON, 1, 11, 30, 16, 1, 0, 0, 0, 12, 6, 39, 0, 6, 3, 6, 0, 2, 30
211, CIVILIZATION_LA_VENTA, 1, 8, 30, 17, 2, 0, 0, 0, 13, 5, 78, 3070, 7, 4, 10, 46, 3, 20
211, CIVILIZATION_JERUSALEM, 1, 9, 30, 17, 4, 0, 0, 0, 12, 8, 0, 12333, 7, 5, 8, 119, 8, 26
211, CIVILIZATION_FREE_CITIES, 1, 4, 30, 20, 4, 0, 0, 0, 7, 1, 0, 0, 2, 1, 1, 0, 4, 13
211, CIVILIZATION_MAYA, 12, 110, 43, 28, 11, 0, 0, 0, 215, 57, 2439, 3615, 198, 99, 272, 145, 343, 308
211, CIVILIZATION_EGYPT, 10, 76, 37, 28, 11, 0, 0, 1, 198, 47, 3178, 1528, 167, 116, 525, 52, 320, 208
212, CIVILIZATION_MAPUCHE, 5, 33, 33, 21, 1, 0, 0, 0, 67, 9, 0, 272, 50, 45, 12, 10, 67, 88
212, CIVILIZATION_SCOTLAND, 9, 38, 30, 20, 4, 0, 0, 0, 118, 19, 120, 912, 75, 45, 26, 47, 86, 103
212, CIVILIZATION_GRAN_COLOMBIA, 9, 55, 32, 23, 1, 0, 0, 0, 119, 22, 165, 466, 81, 53, 54, 68, 145, 151
212, CIVILIZATION_GREECE, 5, 19, 30, 20, 3, 0, 0, 0, 72, 5, 214, 505, 73, 27, 58, 3, 56, 49
212, CIVILIZATION_AMERICA, 8, 45, 31, 19, 2, 0, 0, 3, 117, 27, 11, 530, 63, 35, 49, 21, 113, 128
212, CIVILIZATION_CANADA, 6, 27, 30, 19, 0, 0, 0, 7, 98, 20, 170, 88, 82, 40, 64, 77, 94, 67
212, CIVILIZATION_INDONESIA, 3, 20, 27, 19, 0, 0, 0, 7, 51, 5, 292, 382, 38, 30, 41, 21, 39, 62
212, CIVILIZATION_CARDIFF, 1, 10, 31, 17, 1, 0, 0, 0, 12, 5, 182, 16, 5, 4, 4, 0, 7, 32
212, CIVILIZATION_KANDY, 1, 9, 29, 17, 4, 0, 0, 1, 13, 2, 0, 18, 5, 5, 9, 0, 3, 27
212, CIVILIZATION_LISBON, 1, 12, 31, 22, 0, 0, 0, 0, 14, 7, 807, 805, 7, 5, 21, 35, 3, 34
212, CIVILIZATION_RAPA_NUI, 1, 10, 31, 22, 5, 0, 0, 0, 13, 7, 448, 28, 6, 4, 20, 0, 2, 28
212, CIVILIZATION_ARMAGH, 1, 10, 31, 18, 0, 0, 0, 0, 12, 6, 219, 925, 5, 5, 11, 14, 5, 27
212, CIVILIZATION_HATTUSA, 1, 6, 31, 22, 3, 0, 0, 0, 14, 9, 105, 0, 5, 4, 9, 0, 9, 14
212, CIVILIZATION_SINGAPORE, 1, 10, 31, 16, 5, 0, 0, 0, 11, 10, 0, 292, 6, 4, 11, 1, 6, 25
212, CIVILIZATION_BABYLON, 1, 11, 31, 16, 1, 0, 0, 0, 12, 6, 41, 0, 6, 3, 6, 0, 2, 30
212, CIVILIZATION_LA_VENTA, 1, 8, 31, 17, 2, 0, 0, 0, 13, 5, 80, 3116, 7, 4, 10, 46, 3, 20
212, CIVILIZATION_JERUSALEM, 1, 9, 31, 18, 4, 0, 0, 0, 12, 8, 0, 12453, 7, 5, 8, 119, 8, 26
212, CIVILIZATION_FREE_CITIES, 2, 7, 31, 20, 5, 0, 0, 0, 18, 1, 0, 0, 3, 1, 3, 0, 7, 20
212, CIVILIZATION_MAYA, 12, 111, 44, 28, 11, 0, 0, 0, 215, 53, 2596, 3761, 212, 99, 256, 145, 356, 320
212, CIVILIZATION_EGYPT, 10, 77, 37, 28, 11, 0, 0, 1, 198, 49, 3578, 1578, 160, 113, 487, 49, 297, 211
213, CIVILIZATION_MAPUCHE, 5, 33, 33, 21, 1, 0, 0, 0, 67, 9, 0, 283, 59, 42, 14, 10, 66, 87
213, CIVILIZATION_SCOTLAND, 9, 38, 30, 20, 4, 0, 0, 0, 119, 19, 119, 960, 74, 45, 26, 48, 95, 101
213, CIVILIZATION_GRAN_COLOMBIA, 9, 55, 32, 23, 3, 0, 0, 0, 121, 22, 178, 535, 81, 53, 55, 68, 147, 151
213, CIVILIZATION_GREECE, 4, 16, 30, 20, 3, 0, 0, 0, 61, 5, 234, 508, 66, 20, 59, 3, 58, 42
213, CIVILIZATION_AMERICA, 8, 45, 31, 19, 3, 0, 0, 3, 118, 27, 12, 551, 67, 35, 49, 21, 112, 126
213, CIVILIZATION_CANADA, 6, 27, 31, 19, 1, 0, 0, 7, 98, 20, 168, 165, 82, 40, 64, 77, 94, 67
213, CIVILIZATION_INDONESIA, 3, 20, 27, 19, 0, 0, 0, 8, 51, 5, 288, 404, 38, 30, 41, 21, 39, 62
213, CIVILIZATION_CARDIFF, 1, 10, 31, 17, 1, 0, 0, 0, 12, 5, 183, 16, 5, 4, 4, 0, 7, 32
213, CIVILIZATION_KANDY, 1, 9, 30, 18, 4, 0, 0, 1, 13, 2, 0, 19, 5, 5, 9, 0, 3, 27
213, CIVILIZATION_LISBON, 1, 12, 31, 22, 0, 0, 0, 0, 14, 7, 829, 840, 7, 5, 21, 35, 3, 34
213, CIVILIZATION_RAPA_NUI, 1, 10, 31, 22, 5, 0, 0, 0, 13, 7, 453, 29, 6, 4, 20, 0, 2, 28
213, CIVILIZATION_ARMAGH, 1, 10, 31, 19, 0, 0, 0, 0, 12, 6, 227, 940, 5, 5, 11, 14, 5, 27
213, CIVILIZATION_HATTUSA, 1, 6, 31, 22, 4, 0, 0, 0, 14, 9, 98, 0, 5, 4, 9, 0, 9, 15
213, CIVILIZATION_SINGAPORE, 1, 10, 31, 17, 5, 0, 0, 0, 11, 10, 0, 294, 6, 4, 11, 1, 6, 25
213, CIVILIZATION_BABYLON, 1, 11, 31, 16, 1, 0, 0, 0, 12, 6, 43, 0, 6, 3, 6, 0, 2, 30
213, CIVILIZATION_LA_VENTA, 1, 8, 31, 17, 2, 0, 0, 0, 13, 5, 82, 3163, 7, 4, 10, 46, 3, 20
213, CIVILIZATION_JERUSALEM, 1, 9, 31, 19, 3, 0, 0, 0, 12, 8, 0, 12572, 6, 4, 5, 119, 8, 25
213, CIVILIZATION_FREE_CITIES, 2, 7, 31, 20, 4, 0, 0, 0, 18, 1, 0, 0, 3, 1, 3, 0, 7, 20
213, CIVILIZATION_MAYA, 12, 111, 44, 28, 11, 0, 0, 0, 215, 53, 2749, 2856, 219, 101, 256, 145, 380, 320
213, CIVILIZATION_EGYPT, 10, 77, 39, 28, 11, 0, 0, 1, 199, 50, 3966, 1627, 158, 111, 486, 49, 301, 212
214, CIVILIZATION_MAPUCHE, 5, 33, 33, 21, 1, 0, 0, 0, 67, 9, 0, 293, 62, 45, 14, 10, 68, 87
214, CIVILIZATION_SCOTLAND, 9, 38, 30, 20, 4, 0, 0, 0, 119, 19, 119, 1006, 72, 43, 26, 45, 83, 103
214, CIVILIZATION_GRAN_COLOMBIA, 9, 56, 32, 23, 3, 0, 0, 0, 121, 22, 182, 114, 83, 55, 55, 71, 148, 153
214, CIVILIZATION_GREECE, 4, 16, 30, 20, 2, 0, 0, 0, 62, 6, 257, 512, 77, 28, 59, 7, 61, 42
214, CIVILIZATION_AMERICA, 8, 45, 31, 20, 3, 0, 0, 3, 118, 27, 13, 574, 66, 37, 35, 22, 118, 128
214, CIVILIZATION_CANADA, 6, 28, 31, 19, 1, 0, 0, 7, 98, 20, 162, 240, 84, 38, 63, 75, 95, 69
214, CIVILIZATION_INDONESIA, 3, 21, 27, 19, 0, 0, 0, 8, 52, 5, 284, 425, 39, 31, 41, 21, 41, 63
214, CIVILIZATION_CARDIFF, 1, 10, 31, 17, 1, 0, 0, 0, 12, 6, 189, 17, 6, 4, 8, 0, 7, 35
214, CIVILIZATION_KANDY, 1, 9, 31, 19, 4, 0, 0, 1, 13, 2, 0, 19, 5, 5, 9, 0, 3, 27
214, CIVILIZATION_LISBON, 1, 12, 31, 22, 0, 0, 0, 0, 14, 7, 850, 875, 7, 5, 21, 35, 3, 34
214, CIVILIZATION_RAPA_NUI, 1, 10, 31, 22, 5, 0, 0, 0, 13, 7, 458, 30, 6, 4, 20, 0, 2, 28
214, CIVILIZATION_ARMAGH, 1, 10, 31, 20, 0, 0, 0, 0, 12, 6, 234, 954, 5, 5, 11, 14, 5, 27
214, CIVILIZATION_HATTUSA, 1, 6, 31, 22, 4, 0, 0, 0, 14, 9, 94, 0, 5, 4, 11, 0, 9, 15
214, CIVILIZATION_SINGAPORE, 1, 10, 31, 18, 5, 0, 0, 0, 11, 10, 0, 295, 6, 4, 11, 1, 6, 25
214, CIVILIZATION_BABYLON, 1, 11, 31, 16, 1, 0, 0, 0, 12, 6, 45, 0, 6, 3, 6, 0, 2, 30
214, CIVILIZATION_LA_VENTA, 1, 8, 31, 17, 2, 0, 0, 0, 13, 5, 83, 3209, 7, 4, 10, 46, 3, 20
214, CIVILIZATION_JERUSALEM, 1, 9, 31, 20, 3, 0, 0, 0, 12, 8, 0, 12691, 7, 5, 8, 119, 8, 25
214, CIVILIZATION_FREE_CITIES, 2, 8, 31, 20, 5, 0, 0, 0, 18, 1, 0, 0, 4, 2, 3, 0, 7, 23
214, CIVILIZATION_MAYA, 12, 112, 44, 28, 10, 0, 0, 0, 215, 53, 2898, 2998, 226, 105, 252, 141, 376, 321
214, CIVILIZATION_EGYPT, 10, 77, 39, 28, 11, 0, 0, 1, 199, 49, 4360, 1676, 159, 111, 486, 49, 302, 211
215, CIVILIZATION_MAPUCHE, 5, 33, 33, 21, 0, 0, 0, 0, 68, 9, 0, 304, 67, 45, 15, 10, 69, 87
215, CIVILIZATION_SCOTLAND, 9, 38, 31, 20, 4, 0, 0, 0, 120, 19, 118, 1055, 74, 44, 26, 48, 95, 101
215, CIVILIZATION_GRAN_COLOMBIA, 9, 56, 32, 23, 3, 0, 0, 0, 121, 22, 185, 185, 83, 56, 54, 71, 147, 154
215, CIVILIZATION_GREECE, 4, 16, 30, 20, 2, 0, 0, 0, 63, 7, 113, 519, 83, 28, 69, 7, 63, 42
215, CIVILIZATION_AMERICA, 8, 45, 31, 20, 3, 0, 0, 4, 118, 28, 0, 595, 66, 34, 32, 21, 108, 126
215, CIVILIZATION_CANADA, 6, 28, 31, 19, 0, 0, 0, 7, 99, 20, 161, 315, 84, 38, 63, 75, 95, 69
215, CIVILIZATION_INDONESIA, 3, 20, 27, 20, 0, 0, 0, 8, 52, 5, 280, 447, 40, 32, 57, 21, 39, 61
215, CIVILIZATION_CARDIFF, 1, 10, 32, 17, 1, 0, 0, 0, 12, 6, 195, 18, 6, 4, 8, 0, 7, 35
215, CIVILIZATION_KANDY, 1, 9, 32, 20, 4, 0, 0, 1, 13, 2, 0, 20, 5, 5, 9, 0, 3, 27
215, CIVILIZATION_LISBON, 1, 12, 31, 22, 0, 0, 0, 0, 14, 7, 872, 910, 7, 5, 21, 35, 3, 34
215, CIVILIZATION_RAPA_NUI, 1, 10, 31, 22, 5, 0, 0, 0, 13, 7, 462, 31, 6, 4, 20, 0, 2, 28
215, CIVILIZATION_ARMAGH, 1, 10, 31, 21, 0, 0, 0, 0, 12, 6, 241, 969, 5, 5, 11, 14, 5, 27
215, CIVILIZATION_HATTUSA, 1, 6, 31, 22, 4, 0, 0, 0, 15, 9, 90, 0, 5, 4, 11, 0, 10, 15
215, CIVILIZATION_SINGAPORE, 1, 10, 32, 19, 5, 0, 0, 0, 11, 10, 0, 297, 6, 4, 11, 1, 6, 25
215, CIVILIZATION_BABYLON, 1, 11, 32, 16, 1, 0, 0, 0, 12, 6, 47, 0, 6, 3, 6, 0, 2, 30
215, CIVILIZATION_LA_VENTA, 1, 8, 31, 17, 2, 0, 0, 0, 13, 5, 85, 3256, 7, 4, 10, 46, 3, 20
215, CIVILIZATION_JERUSALEM, 1, 9, 32, 21, 3, 0, 0, 0, 12, 8, 0, 12810, 7, 5, 8, 119, 8, 25
215, CIVILIZATION_FREE_CITIES, 2, 8, 31, 20, 4, 0, 0, 0, 18, 1, 0, 0, 3, 1, 2, 0, 6, 23
215, CIVILIZATION_MAYA, 12, 113, 44, 28, 10, 0, 0, 0, 217, 53, 3049, 3140, 231, 108, 255, 141, 380, 325
215, CIVILIZATION_EGYPT, 10, 78, 39, 28, 11, 0, 0, 1, 201, 49, 4805, 1725, 160, 122, 486, 49, 315, 209
216, CIVILIZATION_MAPUCHE, 5, 33, 33, 21, 0, 0, 0, 0, 68, 9, 0, 315, 67, 45, 15, 10, 69, 87
216, CIVILIZATION_SCOTLAND, 9, 39, 31, 20, 4, 0, 0, 0, 120, 19, 117, 1102, 73, 44, 26, 47, 87, 105
216, CIVILIZATION_GRAN_COLOMBIA, 9, 56, 33, 23, 3, 0, 0, 0, 122, 22, 188, 257, 83, 56, 54, 71, 147, 154
216, CIVILIZATION_GREECE, 4, 16, 31, 20, 2, 0, 0, 0, 63, 7, 145, 527, 83, 30, 69, 7, 62, 42
216, CIVILIZATION_AMERICA, 8, 45, 31, 20, 3, 0, 0, 3, 119, 28, 0, 614, 56, 31, 30, 19, 102, 128
216, CIVILIZATION_CANADA, 6, 29, 31, 19, 0, 0, 0, 7, 99, 20, 155, 396, 84, 38, 60, 81, 93, 70
216, CIVILIZATION_INDONESIA, 3, 20, 27, 20, 0, 0, 0, 8, 52, 5, 292, 468, 40, 32, 57, 21, 39, 61
216, CIVILIZATION_CARDIFF, 1, 10, 32, 17, 1, 0, 0, 0, 12, 6, 184, 19, 6, 4, 8, 0, 7, 35
216, CIVILIZATION_KANDY, 1, 9, 32, 21, 4, 0, 0, 1, 13, 2, 0, 21, 5, 5, 9, 0, 3, 27
216, CIVILIZATION_LISBON, 1, 12, 32, 22, 0, 0, 0, 0, 14, 7, 894, 945, 7, 5, 21, 35, 3, 34
216, CIVILIZATION_RAPA_NUI, 1, 10, 32, 22, 5, 0, 0, 0, 13, 7, 467, 32, 6, 4, 20, 0, 2, 28
216, CIVILIZATION_ARMAGH, 1, 10, 32, 22, 0, 0, 0, 0, 12, 6, 247, 989, 7, 5, 9, 20, 5, 26
216, CIVILIZATION_HATTUSA, 1, 6, 32, 22, 4, 0, 0, 0, 15, 9, 85, 0, 5, 4, 11, 0, 10, 15
216, CIVILIZATION_SINGAPORE, 1, 10, 32, 20, 5, 0, 0, 0, 11, 10, 0, 299, 6, 4, 11, 1, 6, 25
216, CIVILIZATION_BABYLON, 1, 11, 32, 16, 1, 0, 0, 0, 12, 6, 49, 0, 6, 3, 6, 0, 2, 30
216, CIVILIZATION_LA_VENTA, 1, 8, 32, 17, 2, 0, 0, 0, 13, 5, 86, 3304, 7, 4, 10, 48, 3, 20
216, CIVILIZATION_JERUSALEM, 1, 9, 32, 22, 3, 0, 0, 0, 12, 8, 0, 12929, 7, 5, 8, 119, 8, 25
216, CIVILIZATION_FREE_CITIES, 2, 8, 31, 20, 4, 0, 0, 0, 18, 1, 0, 0, 3, 1, 2, 0, 6, 23
216, CIVILIZATION_MAYA, 12, 113, 45, 28, 10, 0, 0, 0, 217, 53, 3200, 3282, 231, 108, 255, 141, 380, 325
216, CIVILIZATION_EGYPT, 10, 79, 40, 28, 11, 0, 0, 1, 201, 50, 4703, 1774, 160, 123, 490, 49, 319, 211
217, CIVILIZATION_MAPUCHE, 5, 33, 33, 21, 0, 0, 0, 0, 68, 9, 0, 326, 67, 45, 15, 10, 66, 87
217, CIVILIZATION_SCOTLAND, 9, 40, 31, 20, 4, 0, 0, 0, 120, 19, 108, 1151, 75, 43, 27, 48, 97, 104
217, CIVILIZATION_GRAN_COLOMBIA, 9, 56, 33, 23, 3, 0, 0, 0, 123, 22, 191, 326, 83, 56, 54, 68, 149, 156
217, CIVILIZATION_GREECE, 4, 16, 31, 20, 2, 0, 0, 0, 63, 7, 176, 534, 83, 30, 69, 7, 62, 42
217, CIVILIZATION_AMERICA, 8, 46, 31, 20, 3, 0, 0, 3, 119, 28, 0, 633, 60, 31, 30, 19, 101, 129
217, CIVILIZATION_CANADA, 6, 29, 31, 19, 0, 0, 0, 7, 99, 20, 149, 485, 85, 40, 62, 90, 93, 70
217, CIVILIZATION_INDONESIA, 3, 20, 27, 20, 0, 0, 0, 8, 52, 5, 304, 490, 40, 32, 57, 21, 39, 61
217, CIVILIZATION_CARDIFF, 1, 10, 32, 17, 1, 0, 0, 0, 12, 7, 188, 20, 6, 4, 8, 0, 7, 37
217, CIVILIZATION_KANDY, 1, 9, 32, 22, 4, 0, 0, 1, 13, 2, 0, 22, 5, 5, 9, 0, 3, 27
217, CIVILIZATION_LISBON, 1, 12, 32, 22, 0, 0, 0, 0, 14, 7, 918, 980, 8, 5, 24, 35, 3, 34
217, CIVILIZATION_RAPA_NUI, 1, 10, 32, 22, 5, 0, 0, 0, 13, 7, 472, 32, 6, 4, 20, 0, 2, 28
217, CIVILIZATION_ARMAGH, 1, 10, 32, 23, 0, 0, 0, 0, 12, 6, 252, 1010, 7, 5, 9, 20, 5, 26
217, CIVILIZATION_HATTUSA, 1, 6, 32, 22, 4, 0, 0, 0, 15, 9, 81, 0, 5, 4, 11, 0, 10, 15
217, CIVILIZATION_SINGAPORE, 1, 10, 32, 21, 5, 0, 0, 0, 11, 10, 0, 300, 6, 4, 11, 1, 6, 25
217, CIVILIZATION_BABYLON, 1, 11, 32, 16, 1, 0, 0, 0, 12, 6, 51, 0, 6, 3, 6, 0, 2, 30
217, CIVILIZATION_LA_VENTA, 1, 8, 32, 17, 2, 0, 0, 0, 13, 5, 87, 3353, 7, 4, 10, 48, 3, 20
217, CIVILIZATION_JERUSALEM, 1, 9, 32, 23, 3, 0, 0, 0, 12, 8, 0, 13048, 7, 5, 8, 119, 8, 25
217, CIVILIZATION_FREE_CITIES, 2, 8, 31, 20, 4, 0, 0, 0, 18, 1, 0, 0, 3, 1, 2, 0, 5, 23
217, CIVILIZATION_MAYA, 12, 113, 46, 29, 10, 0, 0, 0, 218, 53, 3112, 3073, 231, 111, 251, 141, 408, 323
217, CIVILIZATION_EGYPT, 10, 78, 40, 28, 11, 0, 0, 1, 203, 51, 5111, 1823, 160, 130, 490, 49, 317, 210
218, CIVILIZATION_MAPUCHE, 5, 33, 33, 21, 0, 0, 0, 0, 68, 9, 0, 337, 67, 45, 15, 10, 66, 87
218, CIVILIZATION_SCOTLAND, 9, 39, 31, 20, 4, 0, 0, 0, 120, 19, 108, 1197, 73, 43, 27, 45, 86, 105
218, CIVILIZATION_GRAN_COLOMBIA, 9, 56, 33, 23, 3, 0, 0, 0, 123, 22, 193, 395, 83, 56, 54, 68, 151, 156
218, CIVILIZATION_GREECE, 4, 17, 31, 20, 2, 0, 0, 0, 63, 7, 206, 541, 82, 30, 68, 7, 63, 43
218, CIVILIZATION_AMERICA, 8, 46, 31, 20, 2, 0, 0, 3, 120, 28, 0, 652, 56, 31, 30, 19, 103, 131
218, CIVILIZATION_CANADA, 6, 29, 31, 19, 0, 0, 0, 7, 99, 20, 148, 176, 85, 40, 66, 90, 93, 70
218, CIVILIZATION_INDONESIA, 3, 20, 28, 20, 0, 0, 0, 7, 52, 5, 318, 511, 42, 32, 57, 21, 39, 61
218, CIVILIZATION_CARDIFF, 1, 10, 32, 17, 1, 0, 0, 0, 12, 7, 191, 20, 6, 4, 8, 0, 7, 37
218, CIVILIZATION_KANDY, 1, 9, 32, 23, 4, 0, 0, 1, 13, 2, 0, 23, 5, 5, 9, 0, 3, 27
218, CIVILIZATION_LISBON, 1, 12, 32, 22, 0, 0, 0, 0, 14, 7, 942, 1016, 8, 5, 24, 35, 3, 34
218, CIVILIZATION_RAPA_NUI, 1, 10, 32, 22, 5, 0, 0, 0, 13, 7, 477, 33, 6, 4, 20, 0, 2, 28
218, CIVILIZATION_ARMAGH, 1, 10, 32, 23, 0, 0, 0, 0, 12, 6, 258, 1031, 7, 5, 9, 20, 5, 26
218, CIVILIZATION_HATTUSA, 1, 6, 32, 22, 4, 0, 0, 0, 15, 9, 77, 0, 5, 4, 11, 0, 10, 15
218, CIVILIZATION_SINGAPORE, 1, 10, 32, 22, 5, 0, 0, 0, 11, 10, 0, 302, 6, 4, 11, 1, 6, 25
218, CIVILIZATION_BABYLON, 1, 11, 32, 16, 1, 0, 0, 0, 12, 6, 37, 0, 6, 3, 6, 0, 2, 30
218, CIVILIZATION_LA_VENTA, 1, 8, 32, 17, 2, 0, 0, 0, 13, 5, 88, 3401, 7, 4, 10, 48, 3, 20
218, CIVILIZATION_JERUSALEM, 1, 9, 32, 23, 4, 0, 0, 0, 12, 8, 0, 13167, 7, 5, 8, 119, 8, 25
218, CIVILIZATION_FREE_CITIES, 2, 8, 31, 20, 4, 0, 0, 0, 18, 1, 0, 0, 3, 1, 2, 0, 5, 23
218, CIVILIZATION_MAYA, 12, 113, 46, 29, 10, 0, 0, 0, 218, 54, 3254, 3215, 231, 111, 252, 141, 416, 325
218, CIVILIZATION_EGYPT, 10, 79, 40, 28, 11, 0, 0, 1, 205, 51, 5538, 1872, 162, 128, 518, 49, 314, 213
219, CIVILIZATION_MAPUCHE, 5, 33, 33, 21, 0, 0, 0, 0, 68, 9, 0, 348, 67, 45, 15, 10, 66, 87
219, CIVILIZATION_SCOTLAND, 9, 39, 31, 20, 4, 0, 0, 0, 121, 19, 107, 1245, 75, 43, 27, 48, 97, 101
219, CIVILIZATION_GRAN_COLOMBIA, 9, 56, 33, 23, 4, 0, 0, 0, 123, 22, 192, 464, 83, 56, 54, 68, 151, 156
219, CIVILIZATION_GREECE, 4, 18, 31, 20, 2, 0, 0, 0, 63, 7, 231, 548, 82, 30, 68, 7, 64, 45
219, CIVILIZATION_AMERICA, 8, 47, 31, 20, 1, 0, 0, 3, 121, 28, 0, 676, 65, 35, 33, 23, 108, 133
219, CIVILIZATION_CANADA, 6, 30, 31, 19, 0, 0, 0, 7, 99, 20, 208, 266, 86, 40, 69, 90, 95, 73
219, CIVILIZATION_INDONESIA, 3, 20, 28, 20, 0, 0, 0, 6, 52, 5, 324, 535, 45, 35, 60, 23, 41, 61
219, CIVILIZATION_CARDIFF, 1, 10, 32, 17, 1, 0, 0, 0, 12, 7, 195, 21, 6, 4, 8, 0, 7, 37
219, CIVILIZATION_KANDY, 1, 9, 32, 23, 4, 0, 0, 1, 13, 2, 0, 23, 5, 5, 9, 0, 3, 27
219, CIVILIZATION_LISBON, 1, 12, 32, 22, 0, 0, 0, 0, 14, 7, 966, 1052, 8, 5, 24, 35, 3, 34
219, CIVILIZATION_RAPA_NUI, 1, 10, 32, 22, 5, 0, 0, 0, 13, 7, 482, 34, 6, 4, 20, 0, 2, 28
219, CIVILIZATION_ARMAGH, 1, 10, 32, 23, 0, 0, 0, 0, 12, 6, 263, 1052, 7, 5, 9, 20, 5, 26
219, CIVILIZATION_HATTUSA, 1, 6, 32, 22, 4, 0, 0, 0, 15, 9, 72, 0, 5, 4, 11, 0, 10, 15
219, CIVILIZATION_SINGAPORE, 1, 10, 32, 23, 5, 0, 0, 0, 11, 10, 0, 303, 6, 4, 11, 1, 6, 25
219, CIVILIZATION_BABYLON, 1, 11, 32, 16, 1, 0, 0, 0, 12, 6, 38, 0, 6, 3, 6, 0, 2, 30
219, CIVILIZATION_LA_VENTA, 1, 8, 32, 17, 2, 0, 0, 0, 13, 5, 88, 3450, 7, 4, 10, 48, 3, 20
219, CIVILIZATION_JERUSALEM, 1, 9, 32, 23, 4, 0, 0, 0, 12, 8, 0, 13286, 7, 5, 8, 119, 8, 19
219, CIVILIZATION_FREE_CITIES, 2, 8, 31, 20, 4, 0, 0, 0, 18, 1, 0, 0, 3, 1, 2, 0, 5, 23
219, CIVILIZATION_MAYA, 12, 114, 46, 29, 10, 0, 0, 0, 220, 55, 3414, 3361, 234, 116, 269, 145, 423, 323
219, CIVILIZATION_EGYPT, 10, 79, 40, 28, 11, 0, 0, 1, 206, 52, 5816, 1921, 163, 129, 519, 49, 312, 215
